﻿<?xml version="1.0" encoding="utf-8"?>
<abapGit version="v1.0.0" serializer="LCL_OBJECT_NROB" serializer_version="v1.0.0">
 <asx:abap xmlns:asx="http://www.sap.com/abapxml" version="1.0">
  <asx:values>
   <ATTRIBUTES>
    <OBJECT>ZABC_RANGE</OBJECT>
    <DOMLEN>NUMC6</DOMLEN>
    <PERCENTAGE>90.0</PERCENTAGE>
    <BUFFER>X</BUFFER>
    <NOIVBUFFER>00000010</NOIVBUFFER>
    <CHANGED_AT>20220704124115.263971</CHANGED_AT>
    <CHANGED_BY>LABSTUDENT</CHANGED_BY>
    <ENAME>LABSTUDENT</ENAME>
    <EDATE>2022-07-04</EDATE>
    <ETIME>15:04:35</ETIME>
   </ATTRIBUTES>
   <TEXT>
    <LANGU>E</LANGU>
    <OBJECT>ZABC_RANGE</OBJECT>
    <TXT>Range for Booking</TXT>
    <TXTSHORT>ZABC_RANGE</TXTSHORT>
    <ENAME>LABSTUDENT</ENAME>
    <EDATE>2022-07-04</EDATE>
    <ETIME>15:04:35</ETIME>
   </TEXT>
  </asx:values>
 </asx:abap>
</abapGit>
