﻿<?xml version="1.0" encoding="utf-8"?>
<abapGit version="v1.0.0" serializer="LCL_OBJECT_SHLP" serializer_version="v1.0.0">
 <asx:abap xmlns:asx="http://www.sap.com/abapxml" version="1.0">
  <asx:values>
   <DD30V>
    <SHLPNAME>ZABC_SH_BOOKING</SHLPNAME>
    <DDLANGUAGE>E</DDLANGUAGE>
    <DDTEXT>ZABC_SH_BOOKING</DDTEXT>
    <ISSIMPLE>X</ISSIMPLE>
    <SELMETHOD>ZABC_D_BOOKING</SELMETHOD>
    <SELMTYPE>T</SELMTYPE>
    <DIALOGTYPE>D</DIALOGTYPE>
    <AUTOSUGGEST>X</AUTOSUGGEST>
    <FUZZY_SIMILARITY>0.8</FUZZY_SIMILARITY>
   </DD30V>
   <DD32P_TABLE>
    <DD32P>
     <SHLPNAME>ZABC_SH_BOOKING</SHLPNAME>
     <FIELDNAME>BOOKING_ID</FIELDNAME>
     <FLPOSITION>0001</FLPOSITION>
     <ROLLNAME>ZABC_BOOKING_ID</ROLLNAME>
     <SHLPINPUT>X</SHLPINPUT>
     <SHLPOUTPUT>X</SHLPOUTPUT>
     <SHLPSELPOS>01</SHLPSELPOS>
     <SHLPLISPOS>01</SHLPLISPOS>
     <SCRLEN3>40</SCRLEN3>
    </DD32P>
    <DD32P>
     <SHLPNAME>ZABC_SH_BOOKING</SHLPNAME>
     <FIELDNAME>BOOK_ID</FIELDNAME>
     <FLPOSITION>0002</FLPOSITION>
     <ROLLNAME>ZABC_BOOK_ID</ROLLNAME>
     <SHLPINPUT>X</SHLPINPUT>
     <SHLPSELPOS>02</SHLPSELPOS>
     <SHLPLISPOS>02</SHLPLISPOS>
     <SCRLEN3>40</SCRLEN3>
    </DD32P>
    <DD32P>
     <SHLPNAME>ZABC_SH_BOOKING</SHLPNAME>
     <FIELDNAME>PERSON_ID</FIELDNAME>
     <FLPOSITION>0003</FLPOSITION>
     <ROLLNAME>ZABC_PERSON_ID</ROLLNAME>
     <SHLPINPUT>X</SHLPINPUT>
     <SHLPSELPOS>03</SHLPSELPOS>
     <SHLPLISPOS>03</SHLPLISPOS>
     <SCRLEN3>40</SCRLEN3>
    </DD32P>
    <DD32P>
     <SHLPNAME>ZABC_SH_BOOKING</SHLPNAME>
     <FIELDNAME>BOOKING_STATUS</FIELDNAME>
     <FLPOSITION>0004</FLPOSITION>
     <ROLLNAME>ZABC_BOOKING_STATUS</ROLLNAME>
     <SHLPINPUT>X</SHLPINPUT>
     <SHLPSELPOS>04</SHLPSELPOS>
     <SHLPLISPOS>04</SHLPLISPOS>
     <SCRLEN3>40</SCRLEN3>
    </DD32P>
    <DD32P>
     <SHLPNAME>ZABC_SH_BOOKING</SHLPNAME>
     <FIELDNAME>BOOKING_BEG_DATE</FIELDNAME>
     <FLPOSITION>0005</FLPOSITION>
     <ROLLNAME>ZABC_BOOKING_BEG_DATE</ROLLNAME>
     <SHLPINPUT>X</SHLPINPUT>
     <SHLPSELPOS>05</SHLPSELPOS>
     <SHLPLISPOS>05</SHLPLISPOS>
     <SCRLEN3>40</SCRLEN3>
    </DD32P>
    <DD32P>
     <SHLPNAME>ZABC_SH_BOOKING</SHLPNAME>
     <FIELDNAME>BOOKING_BEG_TIME</FIELDNAME>
     <FLPOSITION>0006</FLPOSITION>
     <ROLLNAME>ZABC_BOOKING_BEG_TIME</ROLLNAME>
     <SHLPINPUT>X</SHLPINPUT>
     <SHLPSELPOS>06</SHLPSELPOS>
     <SHLPLISPOS>06</SHLPLISPOS>
     <SCRLEN3>40</SCRLEN3>
    </DD32P>
    <DD32P>
     <SHLPNAME>ZABC_SH_BOOKING</SHLPNAME>
     <FIELDNAME>BOOKING_END_DATE</FIELDNAME>
     <FLPOSITION>0007</FLPOSITION>
     <ROLLNAME>ZABC_BOOKING_END_DATE</ROLLNAME>
     <SHLPINPUT>X</SHLPINPUT>
     <SHLPSELPOS>07</SHLPSELPOS>
     <SHLPLISPOS>07</SHLPLISPOS>
     <SCRLEN3>40</SCRLEN3>
    </DD32P>
    <DD32P>
     <SHLPNAME>ZABC_SH_BOOKING</SHLPNAME>
     <FIELDNAME>BOOKING_END_TIME</FIELDNAME>
     <FLPOSITION>0008</FLPOSITION>
     <ROLLNAME>ZABC_BOOKING_END_TIME</ROLLNAME>
     <SHLPINPUT>X</SHLPINPUT>
     <SHLPSELPOS>08</SHLPSELPOS>
     <SHLPLISPOS>08</SHLPLISPOS>
     <SCRLEN3>40</SCRLEN3>
    </DD32P>
   </DD32P_TABLE>
  </asx:values>
 </asx:abap>
</abapGit>
