﻿<?xml version="1.0" encoding="utf-8"?>
<abapGit version="v1.0.0" serializer="LCL_OBJECT_VIEW" serializer_version="v1.0.0">
 <asx:abap xmlns:asx="http://www.sap.com/abapxml" version="1.0">
  <asx:values>
   <DD25V>
    <VIEWNAME>ZABC_BOOKING_ST2</VIEWNAME>
    <AS4LOCAL>A</AS4LOCAL>
    <DDLANGUAGE>E</DDLANGUAGE>
    <AGGTYPE>V</AGGTYPE>
    <ROOTTAB>ZABC_D_BOOKING</ROOTTAB>
    <DDTEXT>ZABC_BOOKING_STATUS2</DDTEXT>
    <VIEWCLASS>D</VIEWCLASS>
    <VIEWGRANT>R</VIEWGRANT>
   </DD25V>
   <DD26V_TABLE>
    <DD26V>
     <VIEWNAME>ZABC_BOOKING_ST2</VIEWNAME>
     <TABNAME>ZABC_D_BOOKING</TABNAME>
     <TABPOS>0001</TABPOS>
     <FORTABNAME>ZABC_D_BOOKING</FORTABNAME>
    </DD26V>
   </DD26V_TABLE>
   <DD27P_TABLE>
    <DD27P>
     <VIEWFIELD>BOOKING_ID</VIEWFIELD>
     <TABNAME>ZABC_D_BOOKING</TABNAME>
     <FIELDNAME>BOOKING_ID</FIELDNAME>
     <KEYFLAG>X</KEYFLAG>
    </DD27P>
    <DD27P>
     <VIEWFIELD>BOOK_ID</VIEWFIELD>
     <TABNAME>ZABC_D_BOOKING</TABNAME>
     <FIELDNAME>BOOK_ID</FIELDNAME>
     <KEYFLAG>X</KEYFLAG>
    </DD27P>
    <DD27P>
     <VIEWFIELD>PERSON_ID</VIEWFIELD>
     <TABNAME>ZABC_D_BOOKING</TABNAME>
     <FIELDNAME>PERSON_ID</FIELDNAME>
     <KEYFLAG>X</KEYFLAG>
    </DD27P>
    <DD27P>
     <VIEWFIELD>BOOKING_STATUS</VIEWFIELD>
     <TABNAME>ZABC_D_BOOKING</TABNAME>
     <FIELDNAME>BOOKING_STATUS</FIELDNAME>
     <KEYFLAG>X</KEYFLAG>
     <SHLPORIGIN>F</SHLPORIGIN>
     <VALEXI>X</VALEXI>
    </DD27P>
    <DD27P>
     <VIEWFIELD>BOOKING_BEG_DATE</VIEWFIELD>
     <TABNAME>ZABC_D_BOOKING</TABNAME>
     <FIELDNAME>BOOKING_BEG_DATE</FIELDNAME>
     <KEYFLAG>X</KEYFLAG>
     <SHLPORIGIN>T</SHLPORIGIN>
    </DD27P>
    <DD27P>
     <VIEWFIELD>BOOKING_BEG_TIME</VIEWFIELD>
     <TABNAME>ZABC_D_BOOKING</TABNAME>
     <FIELDNAME>BOOKING_BEG_TIME</FIELDNAME>
     <KEYFLAG>X</KEYFLAG>
     <SHLPORIGIN>T</SHLPORIGIN>
    </DD27P>
    <DD27P>
     <VIEWFIELD>BOOKING_END_DATE</VIEWFIELD>
     <TABNAME>ZABC_D_BOOKING</TABNAME>
     <FIELDNAME>BOOKING_END_DATE</FIELDNAME>
     <KEYFLAG>X</KEYFLAG>
     <SHLPORIGIN>T</SHLPORIGIN>
    </DD27P>
    <DD27P>
     <VIEWFIELD>BOOKING_END_TIME</VIEWFIELD>
     <TABNAME>ZABC_D_BOOKING</TABNAME>
     <FIELDNAME>BOOKING_END_TIME</FIELDNAME>
     <KEYFLAG>X</KEYFLAG>
     <SHLPORIGIN>T</SHLPORIGIN>
    </DD27P>
    <DD27P>
     <VIEWFIELD>MANDT</VIEWFIELD>
     <TABNAME>ZABC_D_BOOKING</TABNAME>
     <FIELDNAME>MANDT</FIELDNAME>
     <KEYFLAG>X</KEYFLAG>
    </DD27P>
   </DD27P_TABLE>
   <DD28V_TABLE>
    <DD28V>
     <CONDNAME>ZABC_BOOKING_ST2</CONDNAME>
     <POSITION>0001</POSITION>
     <TABNAME>ZABC_D_BOOKING</TABNAME>
     <FIELDNAME>BOOKING_STATUS</FIELDNAME>
     <OPERATOR>EQ</OPERATOR>
     <CONSTANTS>&apos;2&apos;</CONSTANTS>
    </DD28V>
   </DD28V_TABLE>
  </asx:values>
 </asx:abap>
</abapGit>
