﻿<?xml version="1.0" encoding="utf-8"?>
<abapGit version="v1.0.0" serializer="LCL_OBJECT_SHLP" serializer_version="v1.0.0">
 <asx:abap xmlns:asx="http://www.sap.com/abapxml" version="1.0">
  <asx:values>
   <DD30V>
    <SHLPNAME>ZABC_SH_READER</SHLPNAME>
    <DDLANGUAGE>E</DDLANGUAGE>
    <DDTEXT>Author Search Help</DDTEXT>
    <ISSIMPLE>X</ISSIMPLE>
    <SELMETHOD>ZABC_D_READER</SELMETHOD>
    <SELMTYPE>X</SELMTYPE>
    <TEXTTAB>ZABC_D_READER_T</TEXTTAB>
    <DIALOGTYPE>D</DIALOGTYPE>
    <AUTOSUGGEST>X</AUTOSUGGEST>
    <FUZZY_SIMILARITY>0.8</FUZZY_SIMILARITY>
   </DD30V>
   <DD32P_TABLE>
    <DD32P>
     <SHLPNAME>ZABC_SH_READER</SHLPNAME>
     <FIELDNAME>PERSON_ID</FIELDNAME>
     <FLPOSITION>0001</FLPOSITION>
     <ROLLNAME>ZABC_PERSON_ID</ROLLNAME>
     <SHLPINPUT>X</SHLPINPUT>
     <SHLPOUTPUT>X</SHLPOUTPUT>
     <SHLPSELPOS>01</SHLPSELPOS>
     <SHLPLISPOS>01</SHLPLISPOS>
     <SCRLEN3>40</SCRLEN3>
    </DD32P>
    <DD32P>
     <SHLPNAME>ZABC_SH_READER</SHLPNAME>
     <FIELDNAME>PERSON_FIRST_NAME</FIELDNAME>
     <FLPOSITION>0002</FLPOSITION>
     <ROLLNAME>ZABC_FIRST_NAME</ROLLNAME>
     <SHLPINPUT>X</SHLPINPUT>
     <SHLPSELPOS>02</SHLPSELPOS>
     <SHLPLISPOS>02</SHLPLISPOS>
     <SCRLEN3>40</SCRLEN3>
    </DD32P>
    <DD32P>
     <SHLPNAME>ZABC_SH_READER</SHLPNAME>
     <FIELDNAME>PERSON_LAST_NAME</FIELDNAME>
     <FLPOSITION>0003</FLPOSITION>
     <ROLLNAME>ZABC_LAST_NAME</ROLLNAME>
     <SHLPINPUT>X</SHLPINPUT>
     <SHLPSELPOS>03</SHLPSELPOS>
     <SHLPLISPOS>03</SHLPLISPOS>
     <SCRLEN3>40</SCRLEN3>
    </DD32P>
    <DD32P>
     <SHLPNAME>ZABC_SH_READER</SHLPNAME>
     <FIELDNAME>BIRTH_DATE</FIELDNAME>
     <FLPOSITION>0004</FLPOSITION>
     <ROLLNAME>ZABC_BIRTH_DATE</ROLLNAME>
     <SHLPINPUT>X</SHLPINPUT>
     <SHLPSELPOS>04</SHLPSELPOS>
     <SHLPLISPOS>04</SHLPLISPOS>
     <SCRLEN3>40</SCRLEN3>
    </DD32P>
    <DD32P>
     <SHLPNAME>ZABC_SH_READER</SHLPNAME>
     <FIELDNAME>PHONE_NUMBER</FIELDNAME>
     <FLPOSITION>0005</FLPOSITION>
     <ROLLNAME>ZABC_PHONE_NUMBER</ROLLNAME>
     <SHLPINPUT>X</SHLPINPUT>
     <SHLPSELPOS>06</SHLPSELPOS>
     <SHLPLISPOS>05</SHLPLISPOS>
     <SCRLEN3>40</SCRLEN3>
    </DD32P>
   </DD32P_TABLE>
  </asx:values>
 </asx:abap>
</abapGit>
