﻿<?xml version="1.0" encoding="utf-8"?>
<abapGit version="v1.0.0" serializer="LCL_OBJECT_NROB" serializer_version="v1.0.0">
 <asx:abap xmlns:asx="http://www.sap.com/abapxml" version="1.0">
  <asx:values>
   <ATTRIBUTES>
    <OBJECT>ZBOOKING</OBJECT>
    <DOMLEN>NUMC8</DOMLEN>
    <PERCENTAGE>90.0</PERCENTAGE>
    <CHANGED_AT>20220704112444.12876</CHANGED_AT>
    <CHANGED_BY>LABSTUDENT</CHANGED_BY>
    <UNAME>LABSTUDENT</UNAME>
    <UDATE>2022-07-04</UDATE>
    <UTIME>14:23:25</UTIME>
    <ENAME>LABSTUDENT</ENAME>
    <EDATE>2022-07-04</EDATE>
    <ETIME>14:21:44</ETIME>
   </ATTRIBUTES>
   <TEXT>
    <LANGU>E</LANGU>
    <OBJECT>ZBOOKING</OBJECT>
    <TXT>Booking</TXT>
    <TXTSHORT>Booking</TXTSHORT>
    <ENAME>LABSTUDENT</ENAME>
    <EDATE>2022-07-04</EDATE>
    <ETIME>14:21:44</ETIME>
   </TEXT>
  </asx:values>
 </asx:abap>
</abapGit>
