﻿<?xml version="1.0" encoding="utf-8"?>
<abapGit version="v1.0.0" serializer="LCL_OBJECT_CLAS" serializer_version="v1.0.0">
 <asx:abap xmlns:asx="http://www.sap.com/abapxml" version="1.0">
  <asx:values>
   <VSEOCLASS>
    <CLSNAME>ZCL_PERSON</CLSNAME>
    <LANGU>E</LANGU>
    <DESCRIPT>Person</DESCRIPT>
    <STATE>1</STATE>
    <CLSCCINCL>X</CLSCCINCL>
    <FIXPT>X</FIXPT>
    <UNICODE>X</UNICODE>
   </VSEOCLASS>
   <DESCRIPTIONS>
    <SEOCOMPOTX>
     <CLSNAME>ZCL_PERSON</CLSNAME>
     <CMPNAME>BIRTH_DATE</CMPNAME>
     <LANGU>E</LANGU>
     <DESCRIPT>Birth Date</DESCRIPT>
    </SEOCOMPOTX>
    <SEOCOMPOTX>
     <CLSNAME>ZCL_PERSON</CLSNAME>
     <CMPNAME>CONSTRUCTOR</CMPNAME>
     <LANGU>E</LANGU>
     <DESCRIPT>CONSTRUCTOR</DESCRIPT>
    </SEOCOMPOTX>
    <SEOCOMPOTX>
     <CLSNAME>ZCL_PERSON</CLSNAME>
     <CMPNAME>FIRST_NAME</CMPNAME>
     <LANGU>E</LANGU>
     <DESCRIPT>First Name</DESCRIPT>
    </SEOCOMPOTX>
    <SEOCOMPOTX>
     <CLSNAME>ZCL_PERSON</CLSNAME>
     <CMPNAME>GET_INFO</CMPNAME>
     <LANGU>E</LANGU>
     <DESCRIPT>Get full info</DESCRIPT>
    </SEOCOMPOTX>
    <SEOCOMPOTX>
     <CLSNAME>ZCL_PERSON</CLSNAME>
     <CMPNAME>ID</CMPNAME>
     <LANGU>E</LANGU>
     <DESCRIPT>Reader ID</DESCRIPT>
    </SEOCOMPOTX>
    <SEOCOMPOTX>
     <CLSNAME>ZCL_PERSON</CLSNAME>
     <CMPNAME>LAST_NAME</CMPNAME>
     <LANGU>E</LANGU>
     <DESCRIPT>Last Name</DESCRIPT>
    </SEOCOMPOTX>
    <SEOCOMPOTX>
     <CLSNAME>ZCL_PERSON</CLSNAME>
     <CMPNAME>T_FULL_INFO</CMPNAME>
     <LANGU>E</LANGU>
     <DESCRIPT>Full info</DESCRIPT>
    </SEOCOMPOTX>
   </DESCRIPTIONS>
  </asx:values>
 </asx:abap>
</abapGit>
