﻿<?xml version="1.0" encoding="utf-8"?>
<abapGit version="v1.0.0" serializer="LCL_OBJECT_CLAS" serializer_version="v1.0.0">
 <asx:abap xmlns:asx="http://www.sap.com/abapxml" version="1.0">
  <asx:values>
   <VSEOCLASS>
    <CLSNAME>ZCL_LIBRARY</CLSNAME>
    <LANGU>E</LANGU>
    <DESCRIPT>Library</DESCRIPT>
    <STATE>1</STATE>
    <CLSCCINCL>X</CLSCCINCL>
    <FIXPT>X</FIXPT>
    <UNICODE>X</UNICODE>
    <MSG_ID>ZMC_ABC_OOP</MSG_ID>
   </VSEOCLASS>
   <DESCRIPTIONS>
    <SEOCOMPOTX>
     <CLSNAME>ZCL_LIBRARY</CLSNAME>
     <CMPNAME>CHANGE_AUTHOR_LIST</CMPNAME>
     <LANGU>E</LANGU>
     <DESCRIPT>Add to Author List</DESCRIPT>
    </SEOCOMPOTX>
    <SEOCOMPOTX>
     <CLSNAME>ZCL_LIBRARY</CLSNAME>
     <CMPNAME>CHANGE_BOOKING_LIST</CMPNAME>
     <LANGU>E</LANGU>
     <DESCRIPT>Add to Booking List</DESCRIPT>
    </SEOCOMPOTX>
    <SEOCOMPOTX>
     <CLSNAME>ZCL_LIBRARY</CLSNAME>
     <CMPNAME>CHANGE_BOOK_LIST</CMPNAME>
     <LANGU>E</LANGU>
     <DESCRIPT>Add to Book List</DESCRIPT>
    </SEOCOMPOTX>
    <SEOCOMPOTX>
     <CLSNAME>ZCL_LIBRARY</CLSNAME>
     <CMPNAME>CHANGE_READER_LIST</CMPNAME>
     <LANGU>E</LANGU>
     <DESCRIPT>Add to Reader List</DESCRIPT>
    </SEOCOMPOTX>
    <SEOCOMPOTX>
     <CLSNAME>ZCL_LIBRARY</CLSNAME>
     <CMPNAME>CONSTRUCTOR</CMPNAME>
     <LANGU>E</LANGU>
     <DESCRIPT>CONSTRUCTOR</DESCRIPT>
    </SEOCOMPOTX>
    <SEOCOMPOTX>
     <CLSNAME>ZCL_LIBRARY</CLSNAME>
     <CMPNAME>GET_INSTANCE</CMPNAME>
     <LANGU>E</LANGU>
     <DESCRIPT>For Singleton</DESCRIPT>
    </SEOCOMPOTX>
    <SEOCOMPOTX>
     <CLSNAME>ZCL_LIBRARY</CLSNAME>
     <CMPNAME>MO_AUTHOR</CMPNAME>
     <LANGU>E</LANGU>
     <DESCRIPT>Author</DESCRIPT>
    </SEOCOMPOTX>
    <SEOCOMPOTX>
     <CLSNAME>ZCL_LIBRARY</CLSNAME>
     <CMPNAME>MO_AUTHOR_FOR_BOOK</CMPNAME>
     <LANGU>E</LANGU>
     <DESCRIPT>Author</DESCRIPT>
    </SEOCOMPOTX>
    <SEOCOMPOTX>
     <CLSNAME>ZCL_LIBRARY</CLSNAME>
     <CMPNAME>MO_BOOK</CMPNAME>
     <LANGU>E</LANGU>
     <DESCRIPT>Book</DESCRIPT>
    </SEOCOMPOTX>
    <SEOCOMPOTX>
     <CLSNAME>ZCL_LIBRARY</CLSNAME>
     <CMPNAME>MO_BOOKING</CMPNAME>
     <LANGU>E</LANGU>
     <DESCRIPT>Booking</DESCRIPT>
    </SEOCOMPOTX>
    <SEOCOMPOTX>
     <CLSNAME>ZCL_LIBRARY</CLSNAME>
     <CMPNAME>MO_BOOK_FOR_BOOKING</CMPNAME>
     <LANGU>E</LANGU>
     <DESCRIPT>Author</DESCRIPT>
    </SEOCOMPOTX>
    <SEOCOMPOTX>
     <CLSNAME>ZCL_LIBRARY</CLSNAME>
     <CMPNAME>MO_INSTANCE</CMPNAME>
     <LANGU>E</LANGU>
     <DESCRIPT>Library</DESCRIPT>
    </SEOCOMPOTX>
    <SEOCOMPOTX>
     <CLSNAME>ZCL_LIBRARY</CLSNAME>
     <CMPNAME>MO_READER</CMPNAME>
     <LANGU>E</LANGU>
     <DESCRIPT>Reader</DESCRIPT>
    </SEOCOMPOTX>
    <SEOCOMPOTX>
     <CLSNAME>ZCL_LIBRARY</CLSNAME>
     <CMPNAME>MO_READER_FOR_BOOKING</CMPNAME>
     <LANGU>E</LANGU>
     <DESCRIPT>Reader</DESCRIPT>
    </SEOCOMPOTX>
    <SEOCOMPOTX>
     <CLSNAME>ZCL_LIBRARY</CLSNAME>
     <CMPNAME>MT_AUTHOR</CMPNAME>
     <LANGU>E</LANGU>
     <DESCRIPT>Books</DESCRIPT>
    </SEOCOMPOTX>
    <SEOCOMPOTX>
     <CLSNAME>ZCL_LIBRARY</CLSNAME>
     <CMPNAME>MT_BOOK</CMPNAME>
     <LANGU>E</LANGU>
     <DESCRIPT>Books</DESCRIPT>
    </SEOCOMPOTX>
    <SEOCOMPOTX>
     <CLSNAME>ZCL_LIBRARY</CLSNAME>
     <CMPNAME>MT_BOOKING</CMPNAME>
     <LANGU>E</LANGU>
     <DESCRIPT>Bookings</DESCRIPT>
    </SEOCOMPOTX>
    <SEOCOMPOTX>
     <CLSNAME>ZCL_LIBRARY</CLSNAME>
     <CMPNAME>MT_READER</CMPNAME>
     <LANGU>E</LANGU>
     <DESCRIPT>Reader</DESCRIPT>
    </SEOCOMPOTX>
    <SEOCOMPOTX>
     <CLSNAME>ZCL_LIBRARY</CLSNAME>
     <CMPNAME>TT_AUTHOR</CMPNAME>
     <LANGU>E</LANGU>
     <DESCRIPT>Author</DESCRIPT>
    </SEOCOMPOTX>
    <SEOCOMPOTX>
     <CLSNAME>ZCL_LIBRARY</CLSNAME>
     <CMPNAME>TT_BOOK</CMPNAME>
     <LANGU>E</LANGU>
     <DESCRIPT>Books</DESCRIPT>
    </SEOCOMPOTX>
    <SEOCOMPOTX>
     <CLSNAME>ZCL_LIBRARY</CLSNAME>
     <CMPNAME>TT_BOOKING</CMPNAME>
     <LANGU>E</LANGU>
     <DESCRIPT>Bookings</DESCRIPT>
    </SEOCOMPOTX>
    <SEOCOMPOTX>
     <CLSNAME>ZCL_LIBRARY</CLSNAME>
     <CMPNAME>TT_READER</CMPNAME>
     <LANGU>E</LANGU>
     <DESCRIPT>Reader</DESCRIPT>
    </SEOCOMPOTX>
   </DESCRIPTIONS>
  </asx:values>
 </asx:abap>
</abapGit>
