﻿<?xml version="1.0" encoding="utf-8"?>
<abapGit version="v1.0.0" serializer="LCL_OBJECT_MSAG" serializer_version="v1.0.0">
 <asx:abap xmlns:asx="http://www.sap.com/abapxml" version="1.0">
  <asx:values>
   <T100A>
    <ARBGB>ZMC_ABC_OOP</ARBGB>
    <MASTERLANG>E</MASTERLANG>
    <STEXT>Messages for OOP</STEXT>
   </T100A>
   <T100>
    <T100>
     <SPRSL>E</SPRSL>
     <ARBGB>ZMC_ABC_OOP</ARBGB>
     <MSGNR>000</MSGNR>
     <TEXT>Entity has been added</TEXT>
    </T100>
    <T100>
     <SPRSL>E</SPRSL>
     <ARBGB>ZMC_ABC_OOP</ARBGB>
     <MSGNR>001</MSGNR>
     <TEXT>Entity has been updated</TEXT>
    </T100>
    <T100>
     <SPRSL>E</SPRSL>
     <ARBGB>ZMC_ABC_OOP</ARBGB>
     <MSGNR>002</MSGNR>
     <TEXT>Entity has been deleted</TEXT>
    </T100>
    <T100>
     <SPRSL>E</SPRSL>
     <ARBGB>ZMC_ABC_OOP</ARBGB>
     <MSGNR>003</MSGNR>
     <TEXT>This entity has already been added</TEXT>
    </T100>
    <T100>
     <SPRSL>E</SPRSL>
     <ARBGB>ZMC_ABC_OOP</ARBGB>
     <MSGNR>004</MSGNR>
     <TEXT>Update failed, the entity had been locked before</TEXT>
    </T100>
    <T100>
     <SPRSL>E</SPRSL>
     <ARBGB>ZMC_ABC_OOP</ARBGB>
     <MSGNR>005</MSGNR>
     <TEXT>Check the booking date, the end date is less than the start date</TEXT>
    </T100>
    <T100>
     <SPRSL>E</SPRSL>
     <ARBGB>ZMC_ABC_OOP</ARBGB>
     <MSGNR>006</MSGNR>
     <TEXT>Person not found</TEXT>
    </T100>
    <T100>
     <SPRSL>E</SPRSL>
     <ARBGB>ZMC_ABC_OOP</ARBGB>
     <MSGNR>007</MSGNR>
     <TEXT>Book not found</TEXT>
    </T100>
    <T100>
     <SPRSL>E</SPRSL>
     <ARBGB>ZMC_ABC_OOP</ARBGB>
     <MSGNR>008</MSGNR>
     <TEXT>Author not found</TEXT>
    </T100>
   </T100>
  </asx:values>
 </asx:abap>
</abapGit>
