﻿<?xml version="1.0" encoding="utf-8"?>
<abapGit version="v1.0.0" serializer="LCL_OBJECT_PROG" serializer_version="v1.0.0">
 <asx:abap xmlns:asx="http://www.sap.com/abapxml" version="1.0">
  <asx:values>
   <PROGDIR>
    <NAME>ZABC_R_ALV_GRID_TEMPL</NAME>
    <SUBC>1</SUBC>
    <RLOAD>E</RLOAD>
    <FIXPT>X</FIXPT>
    <UCCHECK>X</UCCHECK>
   </PROGDIR>
   <DYNPROS>
    <item>
     <HEADER>
      <PROGRAM>ZABC_R_ALV_GRID_TEMPL</PROGRAM>
      <SCREEN>0100</SCREEN>
      <LANGUAGE>E</LANGUAGE>
      <DESCRIPT>Booking Interface</DESCRIPT>
      <TYPE>N</TYPE>
      <NEXTSCREEN>0100</NEXTSCREEN>
      <LINES>200</LINES>
      <COLUMNS>255</COLUMNS>
      <NO_TOOLBAR>X</NO_TOOLBAR>
     </HEADER>
     <CONTAINERS>
      <RPY_DYCATT>
       <TYPE>SCREEN</TYPE>
       <NAME>SCREEN</NAME>
      </RPY_DYCATT>
     </CONTAINERS>
     <FIELDS>
      <RPY_DYFATC>
       <CONT_TYPE>SCREEN</CONT_TYPE>
       <CONT_NAME>SCREEN</CONT_NAME>
       <TYPE>OKCODE</TYPE>
       <NAME>GV_0100_UCOMM</NAME>
       <TEXT>____________________</TEXT>
       <LENGTH>020</LENGTH>
       <VISLENGTH>020</VISLENGTH>
       <HEIGHT>001</HEIGHT>
       <FORMAT>CHAR</FORMAT>
       <INPUT_FLD>X</INPUT_FLD>
      </RPY_DYFATC>
     </FIELDS>
     <FLOW_LOGIC>
      <RPY_DYFLOW>
       <LINE>PROCESS BEFORE OUTPUT.</LINE>
      </RPY_DYFLOW>
      <RPY_DYFLOW>
       <LINE>  MODULE status_0100.</LINE>
      </RPY_DYFLOW>
      <RPY_DYFLOW/>
      <RPY_DYFLOW>
       <LINE>PROCESS AFTER INPUT.</LINE>
      </RPY_DYFLOW>
      <RPY_DYFLOW>
       <LINE>  MODULE user_command_0100.</LINE>
      </RPY_DYFLOW>
     </FLOW_LOGIC>
    </item>
   </DYNPROS>
   <CUA>
    <ADM>
     <ACTCODE>000001</ACTCODE>
     <PFKCODE>000001</PFKCODE>
    </ADM>
    <STA>
     <RSMPE_STAT>
      <CODE>0100</CODE>
      <MODAL>D</MODAL>
      <ACTCODE>000001</ACTCODE>
      <PFKCODE>000001</PFKCODE>
      <BUTCODE>0001</BUTCODE>
      <INT_NOTE>Booking Interface</INT_NOTE>
     </RSMPE_STAT>
    </STA>
    <FUN>
     <RSMPE_FUNT>
      <CODE>BACK</CODE>
      <TEXTNO>001</TEXTNO>
      <TEXT_TYPE>S</TEXT_TYPE>
      <FUN_TEXT>Back</FUN_TEXT>
     </RSMPE_FUNT>
     <RSMPE_FUNT>
      <CODE>CANCEL</CODE>
      <TEXTNO>001</TEXTNO>
      <TEXT_TYPE>S</TEXT_TYPE>
      <TEXT_NAME>ICON_CANCEL</TEXT_NAME>
      <ICON_ID>@0W@</ICON_ID>
      <FUN_TEXT>Cancel</FUN_TEXT>
     </RSMPE_FUNT>
     <RSMPE_FUNT>
      <CODE>EXIT</CODE>
      <TEXTNO>001</TEXTNO>
      <TEXT_TYPE>S</TEXT_TYPE>
      <FUN_TEXT>Exit</FUN_TEXT>
     </RSMPE_FUNT>
    </FUN>
    <PFK>
     <RSMPE_PFK>
      <CODE>000001</CODE>
      <PFNO>03</PFNO>
      <FUNCODE>BACK</FUNCODE>
      <FUNNO>001</FUNNO>
     </RSMPE_PFK>
     <RSMPE_PFK>
      <CODE>000001</CODE>
      <PFNO>12</PFNO>
      <FUNCODE>CANCEL</FUNCODE>
      <FUNNO>001</FUNNO>
     </RSMPE_PFK>
     <RSMPE_PFK>
      <CODE>000001</CODE>
      <PFNO>15</PFNO>
      <FUNCODE>EXIT</FUNCODE>
      <FUNNO>001</FUNNO>
     </RSMPE_PFK>
    </PFK>
    <SET>
     <RSMPE_STAF>
      <STATUS>0100</STATUS>
      <FUNCTION>BACK</FUNCTION>
     </RSMPE_STAF>
     <RSMPE_STAF>
      <STATUS>0100</STATUS>
      <FUNCTION>CANCEL</FUNCTION>
     </RSMPE_STAF>
     <RSMPE_STAF>
      <STATUS>0100</STATUS>
      <FUNCTION>EXIT</FUNCTION>
     </RSMPE_STAF>
    </SET>
    <DOC>
     <RSMPE_ATRT>
      <OBJ_TYPE>A</OBJ_TYPE>
      <OBJ_CODE>000001</OBJ_CODE>
      <MODAL>D</MODAL>
      <INT_NOTE>Booking Interface</INT_NOTE>
     </RSMPE_ATRT>
     <RSMPE_ATRT>
      <OBJ_TYPE>P</OBJ_TYPE>
      <OBJ_CODE>000001</OBJ_CODE>
      <MODAL>D</MODAL>
      <INT_NOTE>Booking Interface</INT_NOTE>
     </RSMPE_ATRT>
     <RSMPE_ATRT>
      <OBJ_TYPE>B</OBJ_TYPE>
      <OBJ_CODE>000001</OBJ_CODE>
      <SUB_CODE>0001</SUB_CODE>
      <MODAL>D</MODAL>
      <INT_NOTE>Booking Interface</INT_NOTE>
     </RSMPE_ATRT>
    </DOC>
    <TIT>
     <RSMPE_TITT>
      <CODE>0100</CODE>
      <TEXT>Booking Interface</TEXT>
     </RSMPE_TITT>
    </TIT>
   </CUA>
   <TPOOL>
    <item>
     <ID>I</ID>
     <KEY>B01</KEY>
     <ENTRY>Data Selection</ENTRY>
     <LENGTH>24</LENGTH>
    </item>
    <item>
     <ID>R</ID>
     <ENTRY>Template program for ALV lab lecture</ENTRY>
     <LENGTH>36</LENGTH>
    </item>
    <item>
     <ID>S</ID>
     <KEY>S_BOOK</KEY>
     <ENTRY>.</ENTRY>
     <LENGTH>15</LENGTH>
     <SPLIT>D</SPLIT>
    </item>
    <item>
     <ID>S</ID>
     <KEY>S_BOOKNG</KEY>
     <ENTRY>.</ENTRY>
     <LENGTH>18</LENGTH>
     <SPLIT>D</SPLIT>
    </item>
    <item>
     <ID>S</ID>
     <KEY>S_PERSON</KEY>
     <ENTRY>.</ENTRY>
     <LENGTH>25</LENGTH>
     <SPLIT>D</SPLIT>
    </item>
    <item>
     <ID>S</ID>
     <KEY>S_STATUS</KEY>
     <ENTRY>.</ENTRY>
     <LENGTH>22</LENGTH>
     <SPLIT>D</SPLIT>
    </item>
   </TPOOL>
  </asx:values>
 </asx:abap>
</abapGit>
