﻿<?xml version="1.0" encoding="utf-8"?>
<abapGit version="v1.0.0" serializer="LCL_OBJECT_ENQU" serializer_version="v1.0.0">
 <asx:abap xmlns:asx="http://www.sap.com/abapxml" version="1.0">
  <asx:values>
   <DD25V>
    <VIEWNAME>EZABC_ORDERHEAD</VIEWNAME>
    <DDLANGUAGE>E</DDLANGUAGE>
    <AGGTYPE>E</AGGTYPE>
    <ROOTTAB>ZABC_D_ORDERHEAD</ROOTTAB>
    <DDTEXT>Lock Object for ZABC_D_ORDERHEAD table</DDTEXT>
   </DD25V>
   <DD26E_TABLE>
    <DD26E>
     <VIEWNAME>EZABC_ORDERHEAD</VIEWNAME>
     <TABNAME>ZABC_D_ORDERHEAD</TABNAME>
     <TABPOS>0001</TABPOS>
     <FORTABNAME>ZABC_D_ORDERHEAD</FORTABNAME>
     <ENQMODE>E</ENQMODE>
    </DD26E>
   </DD26E_TABLE>
   <DD27P_TABLE>
    <DD27P>
     <VIEWNAME>EZABC_ORDERHEAD</VIEWNAME>
     <OBJPOS>0001</OBJPOS>
     <VIEWFIELD>MANDT</VIEWFIELD>
     <TABNAME>ZABC_D_ORDERHEAD</TABNAME>
     <FIELDNAME>MANDT</FIELDNAME>
     <KEYFLAG>X</KEYFLAG>
     <ENQMODE>E</ENQMODE>
    </DD27P>
    <DD27P>
     <VIEWNAME>EZABC_ORDERHEAD</VIEWNAME>
     <OBJPOS>0002</OBJPOS>
     <VIEWFIELD>ORDER_ID</VIEWFIELD>
     <TABNAME>ZABC_D_ORDERHEAD</TABNAME>
     <FIELDNAME>ORDER_ID</FIELDNAME>
     <KEYFLAG>X</KEYFLAG>
     <ENQMODE>E</ENQMODE>
     <MEMORYID>PON</MEMORYID>
    </DD27P>
   </DD27P_TABLE>
  </asx:values>
 </asx:abap>
</abapGit>
