﻿<?xml version="1.0" encoding="utf-8"?>
<abapGit version="v1.0.0" serializer="LCL_OBJECT_FUGR" serializer_version="v1.0.0">
 <asx:abap xmlns:asx="http://www.sap.com/abapxml" version="1.0">
  <asx:values>
   <AREAT>DB Update FMs</AREAT>
   <INCLUDES>
    <SOBJ_NAME>LZABC_DB_UPDATESTOP</SOBJ_NAME>
    <SOBJ_NAME>SAPLZABC_DB_UPDATES</SOBJ_NAME>
   </INCLUDES>
   <FUNCTIONS>
    <item>
     <FUNCNAME>Z_ABC_UPDATE_ORDER_CHANGE</FUNCNAME>
     <UPDATE_TASK>1</UPDATE_TASK>
     <SHORT_TEXT>Change Order Header</SHORT_TEXT>
     <IMPORT>
      <RSIMP>
       <PARAMETER>IS_ORDER_HEADER</PARAMETER>
       <TYP>ZABC_D_ORDERHEAD</TYP>
      </RSIMP>
     </IMPORT>
     <DOCUMENTATION>
      <RSFDO>
       <PARAMETER>IS_ORDER_HEADER</PARAMETER>
       <KIND>P</KIND>
       <STEXT>Order Header</STEXT>
      </RSFDO>
     </DOCUMENTATION>
    </item>
    <item>
     <FUNCNAME>Z_ABC_UPDATE_ORDER_HEADER</FUNCNAME>
     <UPDATE_TASK>1</UPDATE_TASK>
     <SHORT_TEXT>Update Order Header</SHORT_TEXT>
     <IMPORT>
      <RSIMP>
       <PARAMETER>IS_ORDER_HEADER</PARAMETER>
       <TYP>ZABC_D_ORDERHEAD</TYP>
      </RSIMP>
     </IMPORT>
     <DOCUMENTATION>
      <RSFDO>
       <PARAMETER>IS_ORDER_HEADER</PARAMETER>
       <KIND>P</KIND>
       <STEXT>Order Header</STEXT>
      </RSFDO>
     </DOCUMENTATION>
    </item>
    <item>
     <FUNCNAME>Z_ABC_UPDATE_ORDER_ITEM</FUNCNAME>
     <UPDATE_TASK>1</UPDATE_TASK>
     <SHORT_TEXT>Update Order Item</SHORT_TEXT>
     <IMPORT>
      <RSIMP>
       <PARAMETER>IT_ORDER_ITEM</PARAMETER>
       <TYP>ZABC_T_ORDERITEM</TYP>
      </RSIMP>
     </IMPORT>
     <DOCUMENTATION>
      <RSFDO>
       <PARAMETER>IT_ORDER_ITEM</PARAMETER>
       <KIND>P</KIND>
       <STEXT>Order Item Table Type</STEXT>
      </RSFDO>
     </DOCUMENTATION>
    </item>
   </FUNCTIONS>
  </asx:values>
 </asx:abap>
</abapGit>
