﻿<?xml version="1.0" encoding="utf-8"?>
<abapGit version="v1.0.0" serializer="LCL_OBJECT_MSAG" serializer_version="v1.0.0">
 <asx:abap xmlns:asx="http://www.sap.com/abapxml" version="1.0">
  <asx:values>
   <T100A>
    <ARBGB>ZABC_DB_UPDATES</ARBGB>
    <MASTERLANG>E</MASTERLANG>
   </T100A>
   <T100>
    <T100>
     <SPRSL>E</SPRSL>
     <ARBGB>ZABC_DB_UPDATES</ARBGB>
     <MSGNR>000</MSGNR>
     <TEXT>&amp; &amp; &amp; &amp;</TEXT>
    </T100>
    <T100>
     <SPRSL>E</SPRSL>
     <ARBGB>ZABC_DB_UPDATES</ARBGB>
     <MSGNR>001</MSGNR>
     <TEXT>Order &amp; has been completed and saved.</TEXT>
    </T100>
    <T100>
     <SPRSL>E</SPRSL>
     <ARBGB>ZABC_DB_UPDATES</ARBGB>
     <MSGNR>002</MSGNR>
     <TEXT>Error occured during order &amp; completion. Data has not been saved.</TEXT>
    </T100>
   </T100>
  </asx:values>
 </asx:abap>
</abapGit>
