﻿<?xml version="1.0" encoding="utf-8"?>
<abapGit version="v1.0.0" serializer="LCL_OBJECT_SRVB" serializer_version="v1.0.0">
 <asx:abap xmlns:asx="http://www.sap.com/abapxml" version="1.0">
  <asx:values>
   <SRVB>
    <METADATA>
     <NAME>ZABC_UI_OVP_BOOKING_O2</NAME>
     <TYPE>SRVB/SVB</TYPE>
     <DESCRIPTION>Service binding OData V2: Booking</DESCRIPTION>
     <LINKS>
      <item>
       <HREF>versions</HREF>
       <REL>http://www.sap.com/adt/relations/versions</REL>
       <TITLE>Historic versions</TITLE>
      </item>
      <item>
       <HREF>/sap/bc/adt/businessservices/odatav2/ZABC_UI_OVP_BOOKING_O2</HREF>
       <REL>http://www.sap.com/categories/odatav2</REL>
       <TYPE>application/vnd.sap.adt.businessservices.odatav2.v2+xml</TYPE>
       <TITLE>ODATAV2</TITLE>
      </item>
      <item>
       <HREF>/sap/bc/adt/businessservices/testclass</HREF>
       <REL>http://www.sap.com/categories/testclass</REL>
       <TYPE>application/vnd.sap.adt.businessservices.testclass.v1+xml</TYPE>
       <TITLE>TESTCLASS</TITLE>
      </item>
      <item>
       <HREF>/sap/bc/adt/businessservices/semanticversion</HREF>
       <REL>http://www.sap.com/categories/semanticversion</REL>
       <TYPE>application/vnd.sap.adt.businessservices.semanticversion.v1+xml</TYPE>
       <TITLE>SemanticVersion</TITLE>
      </item>
     </LINKS>
     <RESPONSIBLE>LABSTUDENT</RESPONSIBLE>
     <MASTER_LANGUAGE>EN</MASTER_LANGUAGE>
    </METADATA>
    <CONTENT>
     <BIND_TYPE_IMPL>
      <NAME>ZABC_UI_OVP_BOOKING_O2</NAME>
     </BIND_TYPE_IMPL>
     <BIND_TYPE>ODATA</BIND_TYPE>
     <BIND_TYPE_VERSION>V2</BIND_TYPE_VERSION>
     <SERVICES>
      <item>
       <SERVICE_NAME>ZABC_UI_OVP_BOOKING_O2</SERVICE_NAME>
       <SERVICE_CONTENT>
        <item>
         <SERVICE_VERSION>0001</SERVICE_VERSION>
         <SRVD_REF>
          <URI>/sap/bc/adt/ddic/srvd/sources/zabc_ui_ovp_booking</URI>
          <TYPE>SRVD/SRV</TYPE>
          <NAME>ZABC_UI_OVP_BOOKING</NAME>
         </SRVD_REF>
        </item>
       </SERVICE_CONTENT>
      </item>
     </SERVICES>
    </CONTENT>
    <PUBLISHED>true</PUBLISHED>
    <BINDING_CREATED>true</BINDING_CREATED>
   </SRVB>
  </asx:values>
 </asx:abap>
</abapGit>
