﻿<?xml version="1.0" encoding="utf-8"?>
<abapGit version="v1.0.0" serializer="LCL_OBJECT_DTEL" serializer_version="v1.0.0">
 <asx:abap xmlns:asx="http://www.sap.com/abapxml" version="1.0">
  <asx:values>
   <DD04V>
    <ROLLNAME>ZABC_BOOKING_BEG_TIME</ROLLNAME>
    <DDLANGUAGE>E</DDLANGUAGE>
    <HEADLEN>55</HEADLEN>
    <SCRLEN1>10</SCRLEN1>
    <SCRLEN2>20</SCRLEN2>
    <SCRLEN3>40</SCRLEN3>
    <DDTEXT>Booking Start Time</DDTEXT>
    <REPTEXT>Booking Start Time</REPTEXT>
    <SCRTEXT_S>Beg Time</SCRTEXT_S>
    <SCRTEXT_M>Booking Start Time</SCRTEXT_M>
    <SCRTEXT_L>Booking Start Time</SCRTEXT_L>
    <DTELMASTER>E</DTELMASTER>
    <DATATYPE>TIMS</DATATYPE>
    <LENG>000006</LENG>
    <OUTPUTLEN>000008</OUTPUTLEN>
   </DD04V>
  </asx:values>
 </asx:abap>
</abapGit>
