<?xml version="1.0" encoding="utf-8"?>                                                                                                                                                                                                                         
<edmx:Edmx Version="1.0" xmlns:edmx="http://schemas.microsoft.com/ado/2007/06/edmx" xmlns:m="http://schemas.microsoft.com/ado/2007/08/dataservices/metadata" xmlns:sap="http://www.sap.com/Protocols/SAPData">                                                 
    <edmx:Reference Uri="http://ecsc00a0d603.epam.com:8080/sap/opu/odata/iwfnd/catalogservice;v=2/Vocabularies(TechnicalName='%2FIWBEP%2FVOC_AGGREGATION',Version='0001',SAP__Origin='')/$value" xmlns:edmx="http://docs.oasis-open.org/odata/ns/edmx">        
        <edmx:Include Namespace="Org.OData.Aggregation.V1" Alias="Aggregation"/>                                                                                                                                                                               
    </edmx:Reference>                                                                                                                                                                                                                                          
    <edmx:Reference Uri="http://ecsc00a0d603.epam.com:8080/sap/opu/odata/iwfnd/catalogservice;v=2/Vocabularies(TechnicalName='%2FIWBEP%2FVOC_ANALYTICS',Version='0001',SAP__Origin='')/$value" xmlns:edmx="http://docs.oasis-open.org/odata/ns/edmx">          
        <edmx:Include Namespace="com.sap.vocabularies.Analytics.v1" Alias="Analytics"/>                                                                                                                                                                        
    </edmx:Reference>                                                                                                                                                                                                                                          
    <edmx:Reference Uri="http://ecsc00a0d603.epam.com:8080/sap/opu/odata/iwfnd/catalogservice;v=2/Vocabularies(TechnicalName='%2FIWBEP%2FVOC_CAPABILITIES',Version='0001',SAP__Origin='')/$value" xmlns:edmx="http://docs.oasis-open.org/odata/ns/edmx">       
        <edmx:Include Namespace="Org.OData.Capabilities.V1" Alias="Capabilities"/>                                                                                                                                                                             
        <edmx:Include Namespace="Org.OData.Capabilities.V1"/>                                                                                                                                                                                                  
    </edmx:Reference>                                                                                                                                                                                                                                          
    <edmx:Reference Uri="http://ecsc00a0d603.epam.com:8080/sap/opu/odata/iwfnd/catalogservice;v=2/Vocabularies(TechnicalName='%2FIWBEP%2FVOC_CODELIST',Version='0001',SAP__Origin='')/$value" xmlns:edmx="http://docs.oasis-open.org/odata/ns/edmx">           
        <edmx:Include Namespace="com.sap.vocabularies.CodeList.v1" Alias="SAP__CodeList"/>                                                                                                                                                                     
        <edmx:Include Namespace="com.sap.vocabularies.CodeList.v1" Alias="CodeList"/>                                                                                                                                                                          
    </edmx:Reference>                                                                                                                                                                                                                                          
    <edmx:Reference Uri="http://ecsc00a0d603.epam.com:8080/sap/opu/odata/iwfnd/catalogservice;v=2/Vocabularies(TechnicalName='%2FIWBEP%2FVOC_COMMON',Version='0001',SAP__Origin='')/$value" xmlns:edmx="http://docs.oasis-open.org/odata/ns/edmx">             
        <edmx:Include Namespace="com.sap.vocabularies.Common.v1" Alias="Common"/>                                                                                                                                                                              
        <edmx:Include Namespace="com.sap.vocabularies.Common.v1" Alias="SAP__common"/>                                                                                                                                                                         
    </edmx:Reference>                                                                                                                                                                                                                                          
    <edmx:Reference Uri="http://ecsc00a0d603.epam.com:8080/sap/opu/odata/iwfnd/catalogservice;v=2/Vocabularies(TechnicalName='%2FIWBEP%2FVOC_COMMUNICATION',Version='0001',SAP__Origin='')/$value" xmlns:edmx="http://docs.oasis-open.org/odata/ns/edmx">      
        <edmx:Include Namespace="com.sap.vocabularies.Communication.v1" Alias="Communication"/>                                                                                                                                                                
    </edmx:Reference>                                                                                                                                                                                                                                          
    <edmx:Reference Uri="http://ecsc00a0d603.epam.com:8080/sap/opu/odata/iwfnd/catalogservice;v=2/Vocabularies(TechnicalName='%2FIWBEP%2FVOC_CORE',Version='0001',SAP__Origin='')/$value" xmlns:edmx="http://docs.oasis-open.org/odata/ns/edmx">               
        <edmx:Include Namespace="Org.OData.Core.V1" Alias="SAP__core"/>                                                                                                                                                                                        
    </edmx:Reference>                                                                                                                                                                                                                                          
    <edmx:Reference Uri="http://ecsc00a0d603.epam.com:8080/sap/opu/odata/iwfnd/catalogservice;v=2/Vocabularies(TechnicalName='%2FIWBEP%2FVOC_MEASURES',Version='0001',SAP__Origin='')/$value" xmlns:edmx="http://docs.oasis-open.org/odata/ns/edmx">           
        <edmx:Include Namespace="Org.OData.Measures.V1" Alias="Measures"/>                                                                                                                                                                                     
    </edmx:Reference>                                                                                                                                                                                                                                          
    <edmx:Reference Uri="http://ecsc00a0d603.epam.com:8080/sap/opu/odata/iwfnd/catalogservice;v=2/Vocabularies(TechnicalName='%2FIWBEP%2FVOC_PERSONALDATA',Version='0001',SAP__Origin='')/$value" xmlns:edmx="http://docs.oasis-open.org/odata/ns/edmx">       
        <edmx:Include Namespace="com.sap.vocabularies.PersonalData.v1" Alias="PersonalData"/>                                                                                                                                                                  
    </edmx:Reference>                                                                                                                                                                                                                                          
    <edmx:Reference Uri="http://ecsc00a0d603.epam.com:8080/sap/opu/odata/iwfnd/catalogservice;v=2/Vocabularies(TechnicalName='%2FIWBEP%2FVOC_UI',Version='0001',SAP__Origin='')/$value" xmlns:edmx="http://docs.oasis-open.org/odata/ns/edmx">                 
        <edmx:Include Namespace="com.sap.vocabularies.UI.v1" Alias="UI"/>                                                                                                                                                                                      
    </edmx:Reference>                                                                                                                                                                                                                                          
    <edmx:Reference Uri="http://ecsc00a0d603.epam.com:8080/sap/opu/odata/iwfnd/catalogservice;v=2/Vocabularies(TechnicalName='%2FIWBEP%2FVOC_VALIDATION',Version='0001',SAP__Origin='')/$value" xmlns:edmx="http://docs.oasis-open.org/odata/ns/edmx">         
        <edmx:Include Namespace="Org.OData.Validation.V1" Alias="Validation"/>                                                                                                                                                                                 
    </edmx:Reference>                                                                                                                                                                                                                                          
    <edmx:DataServices m:DataServiceVersion="2.0">                                                                                                                                                                                                             
        <Schema Namespace="cds_zabc_ui_alp_book" xml:lang="en" sap:schema-version="1" xmlns="http://schemas.microsoft.com/ado/2008/09/edm">                                                                                                                    
            <Annotation Term="Core.SchemaVersion" String="1.0.0" xmlns="http://docs.oasis-open.org/odata/ns/edm"/>                                                                                                                                             
            <EntityType Name="ALPBookType" sap:semantics="aggregate" sap:label="ALP: Book" sap:content-version="1">                                                                                                                                            
                <Key>                                                                                                                                                                                                                                          
                    <PropertyRef Name="ID"/>                                                                                                                                                                                                                   
                </Key>                                                                                                                                                                                                                                         
                <Property Name="ID" Type="Edm.String" Nullable="false" sap:sortable="false" sap:filterable="false"/>                                                                                                                                           
                <Property Name="BookId" Type="Edm.String" MaxLength="6" sap:aggregation-role="dimension" sap:display-format="NonNegative" sap:label="Book ID"/>                                                                                                
                <Property Name="BookName" Type="Edm.String" MaxLength="100" sap:aggregation-role="dimension" sap:display-format="UpperCase" sap:label="Book Name"/>                                                                                            
                <Property Name="AuthorId" Type="Edm.String" MaxLength="6" sap:aggregation-role="dimension" sap:display-format="NonNegative" sap:text="AuthorName" sap:label="Author ID" sap:value-list="standard"/>                                            
                <Property Name="AuthorName" Type="Edm.String" MaxLength="71"/>                                                                                                                                                                                 
                <Property Name="PagesNum" Type="Edm.Int16" sap:aggregation-role="measure" sap:label="Number of pages" sap:quickinfo="Number of pages (in book)" sap:filterable="false"/>                                                                       
                <Property Name="CopyQty" Type="Edm.Int16" sap:aggregation-role="measure" sap:label="Number of copies" sap:quickinfo="Number of copies (of the book)" sap:filterable="false"/>                                                                  
                <Property Name="ImageUrl" Type="Edm.String" MaxLength="20" sap:aggregation-role="dimension"/>                                                                                                                                                  
            </EntityType>                                                                                                                                                                                                                                      
            <EntityType Name="zabc_i_authorType" sap:label="Author" sap:value-list="true" sap:content-version="1">                                                                                                                                             
                <Key>                                                                                                                                                                                                                                          
                    <PropertyRef Name="AuthorId"/>                                                                                                                                                                                                             
                </Key>                                                                                                                                                                                                                                         
                <Property Name="AuthorId" Type="Edm.String" Nullable="false" MaxLength="6" sap:display-format="NonNegative" sap:label="Author ID"/>                                                                                                            
                <Property Name="BirthDate" Type="Edm.DateTime" Precision="0" sap:display-format="Date" sap:label="Birth Date"/>                                                                                                                                
                <Property Name="Country" Type="Edm.String" MaxLength="3" sap:display-format="UpperCase" sap:label="Country/Region Key"/>                                                                                                                       
                <Property Name="ImageUrl" Type="Edm.String" MaxLength="19"/>                                                                                                                                                                                   
                <Property Name="AuthorLastName" Type="Edm.String" MaxLength="35" sap:display-format="UpperCase" sap:label="Last Name"/>                                                                                                                        
                <Property Name="AuthorFirstName" Type="Edm.String" MaxLength="35" sap:display-format="UpperCase" sap:label="First Name"/>                                                                                                                      
                <Property Name="AthorFullName" Type="Edm.String" MaxLength="71"/>                                                                                                                                                                              
            </EntityType>                                                                                                                                                                                                                                      
            <EntityType Name="SAP__Currency" sap:content-version="1">                                                                                                                                                                                          
                <Key>                                                                                                                                                                                                                                          
                    <PropertyRef Name="CurrencyCode"/>                                                                                                                                                                                                         
                </Key>                                                                                                                                                                                                                                         
                <Property Name="CurrencyCode" Type="Edm.String" Nullable="false" MaxLength="5" sap:label="Currency" sap:semantics="currency-code"/>                                                                                                            
                <Property Name="ISOCode" Type="Edm.String" Nullable="false" MaxLength="3" sap:label="ISO code"/>                                                                                                                                               
                <Property Name="Text" Type="Edm.String" Nullable="false" MaxLength="15" sap:label="Short text"/>                                                                                                                                               
                <Property Name="DecimalPlaces" Type="Edm.Byte" Nullable="false" sap:label="Decimals"/>                                                                                                                                                         
            </EntityType>                                                                                                                                                                                                                                      
            <EntityType Name="SAP__UnitOfMeasure" sap:content-version="1">                                                                                                                                                                                     
                <Key>                                                                                                                                                                                                                                          
                    <PropertyRef Name="UnitCode"/>                                                                                                                                                                                                             
                </Key>                                                                                                                                                                                                                                         
                <Property Name="UnitCode" Type="Edm.String" Nullable="false" MaxLength="3" sap:label="Internal UoM" sap:semantics="unit-of-measure"/>                                                                                                          
                <Property Name="ISOCode" Type="Edm.String" Nullable="false" MaxLength="3" sap:label="ISO code"/>                                                                                                                                               
                <Property Name="ExternalCode" Type="Edm.String" Nullable="false" MaxLength="3" sap:label="Commercial"/>                                                                                                                                        
                <Property Name="Text" Type="Edm.String" Nullable="false" MaxLength="30" sap:label="UoM Text"/>                                                                                                                                                 
                <Property Name="DecimalPlaces" Type="Edm.Int16" sap:label="Decimal Places"/>                                                                                                                                                                   
            </EntityType>                                                                                                                                                                                                                                      
            <EntityContainer Name="cds_zabc_ui_alp_book_Entities" m:IsDefaultEntityContainer="true" sap:message-scope-supported="true" sap:supported-formats="atom json xlsx">                                                                                 
                <EntitySet Name="ALPBook" EntityType="cds_zabc_ui_alp_book.ALPBookType" sap:creatable="false" sap:updatable="false" sap:deletable="false" sap:searchable="true" sap:content-version="1"/>                                                      
                <EntitySet Name="zabc_i_author" EntityType="cds_zabc_ui_alp_book.zabc_i_authorType" sap:creatable="false" sap:updatable="false" sap:deletable="false" sap:content-version="1"/>                                                                
                <EntitySet Name="SAP__Currencies" EntityType="cds_zabc_ui_alp_book.SAP__Currency" sap:content-version="1"/>                                                                                                                                    
                <EntitySet Name="SAP__UnitsOfMeasure" EntityType="cds_zabc_ui_alp_book.SAP__UnitOfMeasure" sap:content-version="1"/>                                                                                                                           
            </EntityContainer>                                                                                                                                                                                                                                 
            <Annotations Target="cds_zabc_ui_alp_book.ALPBookType/AuthorId" xmlns="http://docs.oasis-open.org/odata/ns/edm">                                                                                                                                   
                <Annotation Term="Common.ValueList">                                                                                                                                                                                                           
                    <Record>                                                                                                                                                                                                                                   
                        <PropertyValue Property="Label" String=""/>                                                                                                                                                                                            
                        <PropertyValue Property="CollectionPath" String="zabc_i_author"/>                                                                                                                                                                      
                        <PropertyValue Property="SearchSupported" Bool="false"/>                                                                                                                                                                               
                        <PropertyValue Property="Parameters">                                                                                                                                                                                                  
                            <Collection>                                                                                                                                                                                                                       
                                <Record Type="Common.ValueListParameterInOut">                                                                                                                                                                                 
                                    <PropertyValue Property="LocalDataProperty" PropertyPath="AuthorId"/>                                                                                                                                                      
                                    <PropertyValue Property="ValueListProperty" String="AuthorId"/>                                                                                                                                                            
                                </Record>                                                                                                                                                                                                                      
                                <Record Type="Common.ValueListParameterDisplayOnly">                                                                                                                                                                           
                                    <PropertyValue Property="ValueListProperty" String="BirthDate"/>                                                                                                                                                           
                                </Record>                                                                                                                                                                                                                      
                                <Record Type="Common.ValueListParameterDisplayOnly">                                                                                                                                                                           
                                    <PropertyValue Property="ValueListProperty" String="Country"/>                                                                                                                                                             
                                </Record>                                                                                                                                                                                                                      
                                <Record Type="Common.ValueListParameterDisplayOnly">                                                                                                                                                                           
                                    <PropertyValue Property="ValueListProperty" String="ImageUrl"/>                                                                                                                                                            
                                </Record>                                                                                                                                                                                                                      
                                <Record Type="Common.ValueListParameterDisplayOnly">                                                                                                                                                                           
                                    <PropertyValue Property="ValueListProperty" String="AuthorLastName"/>                                                                                                                                                      
                                </Record>                                                                                                                                                                                                                      
                                <Record Type="Common.ValueListParameterDisplayOnly">                                                                                                                                                                           
                                    <PropertyValue Property="ValueListProperty" String="AuthorFirstName"/>                                                                                                                                                     
                                </Record>                                                                                                                                                                                                                      
                                <Record Type="Common.ValueListParameterDisplayOnly">                                                                                                                                                                           
                                    <PropertyValue Property="ValueListProperty" String="AthorFullName"/>                                                                                                                                                       
                                </Record>                                                                                                                                                                                                                      
                            </Collection>                                                                                                                                                                                                                      
                        </PropertyValue>                                                                                                                                                                                                                       
                    </Record>                                                                                                                                                                                                                                  
                </Annotation>                                                                                                                                                                                                                                  
            </Annotations>                                                                                                                                                                                                                                     
            <Annotations Target="cds_zabc_ui_alp_book.cds_zabc_ui_alp_book_Entities" xmlns="http://docs.oasis-open.org/odata/ns/edm">                                                                                                                          
                <Annotation Term="Common.ApplyMultiUnitBehaviorForSortingAndFiltering" Bool="true"/>                                                                                                                                                           
            </Annotations>                                                                                                                                                                                                                                     
            <Annotations Target="cds_zabc_ui_alp_book.cds_zabc_ui_alp_book_Entities/ALPBook" xmlns="http://docs.oasis-open.org/odata/ns/edm">                                                                                                                  
                <Annotation Term="Capabilities.FilterRestrictions">                                                                                                                                                                                            
                    <Record>                                                                                                                                                                                                                                   
                        <PropertyValue Property="NonFilterableProperties">                                                                                                                                                                                     
                            <Collection>                                                                                                                                                                                                                       
                                <PropertyPath>ID</PropertyPath>                                                                                                                                                                                                
                                <PropertyPath>PagesNum</PropertyPath>                                                                                                                                                                                          
                                <PropertyPath>CopyQty</PropertyPath>                                                                                                                                                                                           
                            </Collection>                                                                                                                                                                                                                      
                        </PropertyValue>                                                                                                                                                                                                                       
                    </Record>                                                                                                                                                                                                                                  
                </Annotation>                                                                                                                                                                                                                                  
                <Annotation Term="Capabilities.SortRestrictions">                                                                                                                                                                                              
                    <Record>                                                                                                                                                                                                                                   
                        <PropertyValue Property="NonSortableProperties">                                                                                                                                                                                       
                            <Collection>                                                                                                                                                                                                                       
                                <PropertyPath>ID</PropertyPath>                                                                                                                                                                                                
                            </Collection>                                                                                                                                                                                                                      
                        </PropertyValue>                                                                                                                                                                                                                       
                    </Record>                                                                                                                                                                                                                                  
                </Annotation>                                                                                                                                                                                                                                  
            </Annotations>                                                                                                                                                                                                                                     
            <Annotations Target="cds_zabc_ui_alp_book.ALPBookType/PagesNum" xmlns="http://docs.oasis-open.org/odata/ns/edm"/>                                                                                                                                  
            <Annotations Target="cds_zabc_ui_alp_book.ALPBookType/CopyQty" xmlns="http://docs.oasis-open.org/odata/ns/edm"/>                                                                                                                                   
            <Annotations Target="cds_zabc_ui_alp_book.cds_zabc_ui_alp_book_Entities" xmlns="http://docs.oasis-open.org/odata/ns/edm">                                                                                                                          
                <Annotation Term="Org.OData.Capabilities.V1.BatchSupport">                                                                                                                                                                                     
                    <Record Type="Org.OData.Capabilities.V1.BatchSupportType">                                                                                                                                                                                 
                        <PropertyValue Property="ReferencesAcrossChangeSetsSupported" Bool="true"/>                                                                                                                                                            
                    </Record>                                                                                                                                                                                                                                  
                </Annotation>                                                                                                                                                                                                                                  
                <Annotation Term="SAP__CodeList.CurrencyCodes">                                                                                                                                                                                                
                    <Record>                                                                                                                                                                                                                                   
                        <PropertyValue Property="Url" String="./$metadata"/>                                                                                                                                                                                   
                        <PropertyValue Property="CollectionPath" String="SAP__Currencies"/>                                                                                                                                                                    
                    </Record>                                                                                                                                                                                                                                  
                </Annotation>                                                                                                                                                                                                                                  
                <Annotation Term="SAP__CodeList.UnitsOfMeasure">                                                                                                                                                                                               
                    <Record>                                                                                                                                                                                                                                   
                        <PropertyValue Property="Url" String="./$metadata"/>                                                                                                                                                                                   
                        <PropertyValue Property="CollectionPath" String="SAP__UnitsOfMeasure"/>                                                                                                                                                                
                    </Record>                                                                                                                                                                                                                                  
                </Annotation>                                                                                                                                                                                                                                  
            </Annotations>                                                                                                                                                                                                                                     
            <Annotations Target="cds_zabc_ui_alp_book.SAP__Currency/CurrencyCode" xmlns="http://docs.oasis-open.org/odata/ns/edm">                                                                                                                             
                <Annotation Term="SAP__common.Text" Path="Text"/>                                                                                                                                                                                              
                <Annotation Term="SAP__common.UnitSpecificScale" Path="DecimalPlaces"/>                                                                                                                                                                        
                <Annotation Term="SAP__CodeList.StandardCode" Path="ISOCode"/>                                                                                                                                                                                 
            </Annotations>                                                                                                                                                                                                                                     
            <Annotations Target="cds_zabc_ui_alp_book.SAP__UnitOfMeasure/UnitCode" xmlns="http://docs.oasis-open.org/odata/ns/edm">                                                                                                                            
                <Annotation Term="SAP__common.Text" Path="Text"/>                                                                                                                                                                                              
                <Annotation Term="SAP__common.UnitSpecificScale" Path="DecimalPlaces"/>                                                                                                                                                                        
                <Annotation Term="SAP__CodeList.StandardCode" Path="ISOCode"/>                                                                                                                                                                                 
                <Annotation Term="SAP__CodeList.ExternalCode" Path="ExternalCode"/>                                                                                                                                                                            
            </Annotations>                                                                                                                                                                                                                                     
            <Annotations Target="cds_zabc_ui_alp_book.SAP__UnitOfMeasure" xmlns="http://docs.oasis-open.org/odata/ns/edm">                                                                                                                                     
                <Annotation Term="SAP__core.AlternateKeys">                                                                                                                                                                                                    
                    <Collection>                                                                                                                                                                                                                               
                        <Record>                                                                                                                                                                                                                               
                            <PropertyValue Property="Key">                                                                                                                                                                                                     
                                <Collection>                                                                                                                                                                                                                   
                                    <Record>                                                                                                                                                                                                                   
                                        <PropertyValue Property="Name" Path="ExternalCode"/>                                                                                                                                                                   
                                        <PropertyValue Property="Alias" String="ExternalCode"/>                                                                                                                                                                
                                    </Record>                                                                                                                                                                                                                  
                                </Collection>                                                                                                                                                                                                                  
                            </PropertyValue>                                                                                                                                                                                                                   
                        </Record>                                                                                                                                                                                                                              
                    </Collection>                                                                                                                                                                                                                              
                </Annotation>                                                                                                                                                                                                                                  
            </Annotations>                                                                                                                                                                                                                                     
            <atom:link rel="self" href="http://ecsc00a0d603.epam.com:8080/sap/opu/odata/sap/ZABC_UI_ALP_BOOK_O2/$metadata" xmlns:atom="http://www.w3.org/2005/Atom"/>                                                                                          
            <atom:link rel="latest-version" href="http://ecsc00a0d603.epam.com:8080/sap/opu/odata/sap/ZABC_UI_ALP_BOOK_O2/$metadata" xmlns:atom="http://www.w3.org/2005/Atom"/>                                                                                
        </Schema>                                                                                                                                                                                                                                              
    </edmx:DataServices>                                                                                                                                                                                                                                       
</edmx:Edmx>                                                                                                                                                                                                                                                   