﻿<?xml version="1.0" encoding="utf-8"?>
<abapGit version="v1.0.0" serializer="LCL_OBJECT_SICF" serializer_version="v1.0.0">
 <asx:abap xmlns:asx="http://www.sap.com/abapxml" version="1.0">
  <asx:values>
   <URL>/sap/bc/ui5_ui5/sap/zabc_alpbook/</URL>
   <ICFSERVICE>
    <ICF_NAME>ZABC_ALPBOOK</ICF_NAME>
    <ORIG_NAME>zabc_alpbook</ORIG_NAME>
   </ICFSERVICE>
   <ICFDOCU>
    <ICF_NAME>ZABC_ALPBOOK</ICF_NAME>
    <ICF_LANGU>E</ICF_LANGU>
    <ICF_DOCU>zabc_alpbook</ICF_DOCU>
   </ICFDOCU>
  </asx:values>
 </asx:abap>
</abapGit>
