<?xml version="1.0" encoding="utf-8"?>                                                                                                                                                                                                                         
<edmx:Edmx Version="4.0" xmlns:edmx="http://docs.oasis-open.org/odata/ns/edmx">                                                                                                                                                                                
    <edmx:Reference Uri="../../catalogservice;v=2/Vocabularies(TechnicalName='%2FIWBEP%2FVOC_COMMON',Version='0001',SAP__Origin='')/$value">                                                                                                                   
        <edmx:Include Namespace="com.sap.vocabularies.Common.v1" Alias="Common"/>                                                                                                                                                                              
    </edmx:Reference>                                                                                                                                                                                                                                          
    <edmx:Reference Uri="../../catalogservice;v=2/Vocabularies(TechnicalName='%2FIWBEP%2FVOC_UI',Version='0001',SAP__Origin='')/$value">                                                                                                                       
        <edmx:Include Namespace="com.sap.vocabularies.UI.v1" Alias="UI"/>                                                                                                                                                                                      
    </edmx:Reference>                                                                                                                                                                                                                                          
    <edmx:Reference Uri="../../catalogservice;v=2/Vocabularies(TechnicalName='%2FIWBEP%2FVOC_COMMUNICATION',Version='0001',SAP__Origin='')/$value">                                                                                                            
        <edmx:Include Namespace="com.sap.vocabularies.Communication.v1" Alias="Communication"/>                                                                                                                                                                
    </edmx:Reference>                                                                                                                                                                                                                                          
    <edmx:Reference Uri="../../catalogservice;v=2/Vocabularies(TechnicalName='%2FIWBEP%2FVOC_PERSONALDATA',Version='0001',SAP__Origin='')/$value">                                                                                                             
        <edmx:Include Namespace="com.sap.vocabularies.PersonalData.v1" Alias="PersonalData"/>                                                                                                                                                                  
    </edmx:Reference>                                                                                                                                                                                                                                          
    <edmx:Reference Uri="../../catalogservice;v=2/Vocabularies(TechnicalName='%2FIWBEP%2FVOC_VALIDATION',Version='0001',SAP__Origin='')/$value">                                                                                                               
        <edmx:Include Namespace="Org.OData.Validation.V1" Alias="Validation"/>                                                                                                                                                                                 
    </edmx:Reference>                                                                                                                                                                                                                                          
    <edmx:Reference Uri="../../catalogservice;v=2/Vocabularies(TechnicalName='%2FIWBEP%2FVOC_ANALYTICS',Version='0001',SAP__Origin='')/$value">                                                                                                                
        <edmx:Include Namespace="com.sap.vocabularies.Analytics.v1" Alias="Analytics"/>                                                                                                                                                                        
    </edmx:Reference>                                                                                                                                                                                                                                          
    <edmx:Reference Uri="../../catalogservice;v=2/Vocabularies(TechnicalName='%2FIWBEP%2FVOC_HTML5',Version='0001',SAP__Origin='')/$value">                                                                                                                    
        <edmx:Include Namespace="com.sap.vocabularies.HTML5.v1" Alias="HTML5"/>                                                                                                                                                                                
    </edmx:Reference>                                                                                                                                                                                                                                          
    <edmx:Reference Uri="../../../sap/zabc_ui_alp_book_o2/$metadata">                                                                                                                                                                                          
        <edmx:Include Namespace="ZABC_UI_ALP_BOOK_O2" Alias="SAP"/>                                                                                                                                                                                            
    </edmx:Reference>                                                                                                                                                                                                                                          
    <edmx:DataServices>                                                                                                                                                                                                                                        
        <Schema Namespace="zabc_ui_alp_book_o2_van.v1" xmlns="http://docs.oasis-open.org/odata/ns/edm">                                                                                                                                                        
            <Annotations Target="cds_zabc_ui_alp_book.ALPBookType/ID">                                                                                                                                                                                         
                <Annotation Term="UI.Hidden"/>                                                                                                                                                                                                                 
            </Annotations>                                                                                                                                                                                                                                     
            <Annotations Target="cds_zabc_ui_alp_book.ALPBookType">                                                                                                                                                                                            
                <Annotation Term="UI.Chart" Qualifier="ChartAvgPageNumbyBook">                                                                                                                                                                                 
                    <Record Type="UI.ChartDefinitionType">                                                                                                                                                                                                     
                        <PropertyValue Property="ChartType" EnumMember="UI.ChartType/Donut"/>                                                                                                                                                                  
                        <PropertyValue Property="Dimensions">                                                                                                                                                                                                  
                            <Collection>                                                                                                                                                                                                                       
                                <PropertyPath>AuthorId</PropertyPath>                                                                                                                                                                                          
                            </Collection>                                                                                                                                                                                                                      
                        </PropertyValue>                                                                                                                                                                                                                       
                        <PropertyValue Property="DimensionAttributes">                                                                                                                                                                                         
                            <Collection>                                                                                                                                                                                                                       
                                <Record Type="UI.ChartDimensionAttributeType">                                                                                                                                                                                 
                                    <PropertyValue Property="Dimension" PropertyPath="AuthorId"/>                                                                                                                                                              
                                    <PropertyValue Property="Role" EnumMember="UI.ChartDimensionRoleType/Category"/>                                                                                                                                           
                                </Record>                                                                                                                                                                                                                      
                            </Collection>                                                                                                                                                                                                                      
                        </PropertyValue>                                                                                                                                                                                                                       
                        <PropertyValue Property="Measures">                                                                                                                                                                                                    
                            <Collection>                                                                                                                                                                                                                       
                                <PropertyPath>PagesNum</PropertyPath>                                                                                                                                                                                          
                            </Collection>                                                                                                                                                                                                                      
                        </PropertyValue>                                                                                                                                                                                                                       
                        <PropertyValue Property="MeasureAttributes">                                                                                                                                                                                           
                            <Collection>                                                                                                                                                                                                                       
                                <Record Type="UI.ChartMeasureAttributeType">                                                                                                                                                                                   
                                    <PropertyValue Property="Measure" PropertyPath="PagesNum"/>                                                                                                                                                                
                                    <PropertyValue Property="Role" EnumMember="UI.ChartMeasureRoleType/Axis1"/>                                                                                                                                                
                                </Record>                                                                                                                                                                                                                      
                            </Collection>                                                                                                                                                                                                                      
                        </PropertyValue>                                                                                                                                                                                                                       
                    </Record>                                                                                                                                                                                                                                  
                </Annotation>                                                                                                                                                                                                                                  
                <Annotation Term="UI.Chart" Qualifier="ChartDefault">                                                                                                                                                                                          
                    <Record Type="UI.ChartDefinitionType">                                                                                                                                                                                                     
                        <PropertyValue Property="ChartType" EnumMember="UI.ChartType/Bar"/>                                                                                                                                                                    
                        <PropertyValue Property="Dimensions">                                                                                                                                                                                                  
                            <Collection>                                                                                                                                                                                                                       
                                <PropertyPath>AuthorId</PropertyPath>                                                                                                                                                                                          
                            </Collection>                                                                                                                                                                                                                      
                        </PropertyValue>                                                                                                                                                                                                                       
                        <PropertyValue Property="DimensionAttributes">                                                                                                                                                                                         
                            <Collection>                                                                                                                                                                                                                       
                                <Record Type="UI.ChartDimensionAttributeType">                                                                                                                                                                                 
                                    <PropertyValue Property="Dimension" PropertyPath="AuthorId"/>                                                                                                                                                              
                                    <PropertyValue Property="Role" EnumMember="UI.ChartDimensionRoleType/Series"/>                                                                                                                                             
                                </Record>                                                                                                                                                                                                                      
                            </Collection>                                                                                                                                                                                                                      
                        </PropertyValue>                                                                                                                                                                                                                       
                        <PropertyValue Property="Measures">                                                                                                                                                                                                    
                            <Collection>                                                                                                                                                                                                                       
                                <PropertyPath>CopyQty</PropertyPath>                                                                                                                                                                                           
                            </Collection>                                                                                                                                                                                                                      
                        </PropertyValue>                                                                                                                                                                                                                       
                        <PropertyValue Property="MeasureAttributes">                                                                                                                                                                                           
                            <Collection>                                                                                                                                                                                                                       
                                <Record Type="UI.ChartMeasureAttributeType">                                                                                                                                                                                   
                                    <PropertyValue Property="Measure" PropertyPath="CopyQty"/>                                                                                                                                                                 
                                    <PropertyValue Property="Role" EnumMember="UI.ChartMeasureRoleType/Axis1"/>                                                                                                                                                
                                </Record>                                                                                                                                                                                                                      
                            </Collection>                                                                                                                                                                                                                      
                        </PropertyValue>                                                                                                                                                                                                                       
                    </Record>                                                                                                                                                                                                                                  
                </Annotation>                                                                                                                                                                                                                                  
                <Annotation Term="UI.DataPoint" Qualifier="CopyQty">                                                                                                                                                                                           
                    <Record>                                                                                                                                                                                                                                   
                        <PropertyValue Property="Value" Path="CopyQty"/>                                                                                                                                                                                       
                        <PropertyValue Property="Title" String="Number of Copies"/>                                                                                                                                                                            
                    </Record>                                                                                                                                                                                                                                  
                </Annotation>                                                                                                                                                                                                                                  
                <Annotation Term="UI.DataPoint" Qualifier="PagesNum">                                                                                                                                                                                          
                    <Record>                                                                                                                                                                                                                                   
                        <PropertyValue Property="Value" Path="PagesNum"/>                                                                                                                                                                                      
                        <PropertyValue Property="Title" String="Number of Pages"/>                                                                                                                                                                             
                    </Record>                                                                                                                                                                                                                                  
                </Annotation>                                                                                                                                                                                                                                  
                <Annotation Term="UI.Facets">                                                                                                                                                                                                                  
                    <Collection>                                                                                                                                                                                                                               
                        <Record Type="UI.CollectionFacet">                                                                                                                                                                                                     
                            <PropertyValue Property="Label" String="General Information"/>                                                                                                                                                                     
                            <PropertyValue Property="ID" String="GeneralInformation"/>                                                                                                                                                                         
                            <PropertyValue Property="Facets">                                                                                                                                                                                                  
                                <Collection>                                                                                                                                                                                                                   
                                    <Record Type="UI.ReferenceFacet">                                                                                                                                                                                          
                                        <PropertyValue Property="Label" String="Basic Data"/>                                                                                                                                                                  
                                        <PropertyValue Property="ID" String="BasicData"/>                                                                                                                                                                      
                                        <PropertyValue Property="Target" AnnotationPath="@UI.FieldGroup#BasicData"/>                                                                                                                                           
                                    </Record>                                                                                                                                                                                                                  
                                </Collection>                                                                                                                                                                                                                  
                            </PropertyValue>                                                                                                                                                                                                                   
                        </Record>                                                                                                                                                                                                                              
                    </Collection>                                                                                                                                                                                                                              
                </Annotation>                                                                                                                                                                                                                                  
                <Annotation Term="UI.FieldGroup" Qualifier="BasicData">                                                                                                                                                                                        
                    <Record>                                                                                                                                                                                                                                   
                        <PropertyValue Property="Data">                                                                                                                                                                                                        
                            <Collection>                                                                                                                                                                                                                       
                                <Record Type="UI.DataField">                                                                                                                                                                                                   
                                    <PropertyValue Property="Value" Path="BookId"/>                                                                                                                                                                            
                                </Record>                                                                                                                                                                                                                      
                                <Record Type="UI.DataField">                                                                                                                                                                                                   
                                    <PropertyValue Property="Value" Path="BookName"/>                                                                                                                                                                          
                                </Record>                                                                                                                                                                                                                      
                                <Record Type="UI.DataField">                                                                                                                                                                                                   
                                    <PropertyValue Property="Value" Path="AuthorId"/>                                                                                                                                                                          
                                </Record>                                                                                                                                                                                                                      
                                <Record Type="UI.DataField">                                                                                                                                                                                                   
                                    <PropertyValue Property="Value" Path="PagesNum"/>                                                                                                                                                                          
                                </Record>                                                                                                                                                                                                                      
                                <Record Type="UI.DataField">                                                                                                                                                                                                   
                                    <PropertyValue Property="Value" Path="CopyQty"/>                                                                                                                                                                           
                                </Record>                                                                                                                                                                                                                      
                            </Collection>                                                                                                                                                                                                                      
                        </PropertyValue>                                                                                                                                                                                                                       
                    </Record>                                                                                                                                                                                                                                  
                </Annotation>                                                                                                                                                                                                                                  
                <Annotation Term="UI.HeaderInfo">                                                                                                                                                                                                              
                    <Record>                                                                                                                                                                                                                                   
                        <PropertyValue Property="TypeName" String="Book"/>                                                                                                                                                                                     
                        <PropertyValue Property="TypeNamePlural" String="Books"/>                                                                                                                                                                              
                        <PropertyValue Property="ImageUrl" Path="ImageUrl"/>                                                                                                                                                                                   
                        <PropertyValue Property="Title">                                                                                                                                                                                                       
                            <Record Type="UI.DataField">                                                                                                                                                                                                       
                                <PropertyValue Property="Value" Path="BookName"/>                                                                                                                                                                              
                            </Record>                                                                                                                                                                                                                          
                        </PropertyValue>                                                                                                                                                                                                                       
                        <PropertyValue Property="Description">                                                                                                                                                                                                 
                            <Record Type="UI.DataField">                                                                                                                                                                                                       
                                <PropertyValue Property="Value" String="">                                                                                                                                                                                     
                                    <Annotation Term="Core.Messages">                                                                                                                                                                                          
                                        <Collection>                                                                                                                                                                                                           
                                            <Record>                                                                                                                                                                                                           
                                                <PropertyValue Property="code" String="SADL_GW_EXP_VOCAN-001"/>                                                                                                                                                
                                                <PropertyValue Property="message" String="Property 'AuthorLastName' of annotation 'UI.HEADERINFO.DESCRIPTION' in proj./view 'ALPBook' not found"/>                                                             
                                                <PropertyValue Property="severity" String="error"/>                                                                                                                                                            
                                            </Record>                                                                                                                                                                                                          
                                        </Collection>                                                                                                                                                                                                          
                                    </Annotation>                                                                                                                                                                                                              
                                </PropertyValue>                                                                                                                                                                                                               
                            </Record>                                                                                                                                                                                                                          
                        </PropertyValue>                                                                                                                                                                                                                       
                    </Record>                                                                                                                                                                                                                                  
                </Annotation>                                                                                                                                                                                                                                  
                <Annotation Term="UI.LineItem">                                                                                                                                                                                                                
                    <Collection>                                                                                                                                                                                                                               
                        <Record Type="UI.DataField">                                                                                                                                                                                                           
                            <PropertyValue Property="Value" Path="BookId"/>                                                                                                                                                                                    
                            <Annotation Term="UI.Importance" EnumMember="UI.ImportanceType/High"/>                                                                                                                                                             
                        </Record>                                                                                                                                                                                                                              
                        <Record Type="UI.DataField">                                                                                                                                                                                                           
                            <PropertyValue Property="Value" Path="BookName"/>                                                                                                                                                                                  
                            <Annotation Term="UI.Importance" EnumMember="UI.ImportanceType/High"/>                                                                                                                                                             
                        </Record>                                                                                                                                                                                                                              
                        <Record Type="UI.DataField">                                                                                                                                                                                                           
                            <PropertyValue Property="Value" Path="AuthorId"/>                                                                                                                                                                                  
                            <Annotation Term="UI.Importance" EnumMember="UI.ImportanceType/High"/>                                                                                                                                                             
                        </Record>                                                                                                                                                                                                                              
                        <Record Type="UI.DataField">                                                                                                                                                                                                           
                            <PropertyValue Property="Value" Path="PagesNum"/>                                                                                                                                                                                  
                            <Annotation Term="UI.Importance" EnumMember="UI.ImportanceType/Medium"/>                                                                                                                                                           
                        </Record>                                                                                                                                                                                                                              
                        <Record Type="UI.DataField">                                                                                                                                                                                                           
                            <PropertyValue Property="Value" Path="CopyQty"/>                                                                                                                                                                                   
                            <Annotation Term="UI.Importance" EnumMember="UI.ImportanceType/Medium"/>                                                                                                                                                           
                        </Record>                                                                                                                                                                                                                              
                    </Collection>                                                                                                                                                                                                                              
                </Annotation>                                                                                                                                                                                                                                  
                <Annotation Term="UI.PresentationVariant" Qualifier="pvAVGGPageNumByAuthor">                                                                                                                                                                   
                    <Record>                                                                                                                                                                                                                                   
                        <PropertyValue Property="Text" String="Number of Pages by Author"/>                                                                                                                                                                    
                        <PropertyValue Property="SortOrder">                                                                                                                                                                                                   
                            <Collection>                                                                                                                                                                                                                       
                                <Record Type="Common.SortOrderType">                                                                                                                                                                                           
                                    <PropertyValue Property="Property" PropertyPath="PagesNum"/>                                                                                                                                                               
                                    <PropertyValue Property="Descending" Bool="true"/>                                                                                                                                                                         
                                </Record>                                                                                                                                                                                                                      
                            </Collection>                                                                                                                                                                                                                      
                        </PropertyValue>                                                                                                                                                                                                                       
                        <PropertyValue Property="Visualizations">                                                                                                                                                                                              
                            <Collection>                                                                                                                                                                                                                       
                                <AnnotationPath>@UI.Chart#ChartAvgPageNumbyBook</AnnotationPath>                                                                                                                                                               
                            </Collection>                                                                                                                                                                                                                      
                        </PropertyValue>                                                                                                                                                                                                                       
                    </Record>                                                                                                                                                                                                                                  
                </Annotation>                                                                                                                                                                                                                                  
                <Annotation Term="UI.PresentationVariant" Qualifier="Default">                                                                                                                                                                                 
                    <Record>                                                                                                                                                                                                                                   
                        <PropertyValue Property="Visualizations">                                                                                                                                                                                              
                            <Collection>                                                                                                                                                                                                                       
                                <AnnotationPath>@UI.Chart#ChartDefault</AnnotationPath>                                                                                                                                                                        
                            </Collection>                                                                                                                                                                                                                      
                        </PropertyValue>                                                                                                                                                                                                                       
                    </Record>                                                                                                                                                                                                                                  
                </Annotation>                                                                                                                                                                                                                                  
                <Annotation Term="UI.SelectionFields">                                                                                                                                                                                                         
                    <Collection>                                                                                                                                                                                                                               
                        <PropertyPath>AuthorId</PropertyPath>                                                                                                                                                                                                  
                    </Collection>                                                                                                                                                                                                                              
                </Annotation>                                                                                                                                                                                                                                  
                <Annotation Term="UI.SelectionPresentationVariant" Qualifier="Default">                                                                                                                                                                        
                    <Record>                                                                                                                                                                                                                                   
                        <PropertyValue Property="Text" String=""/>                                                                                                                                                                                             
                        <PropertyValue Property="SelectionVariant" Path="@UI.SelectionVariant#Default"/>                                                                                                                                                       
                        <PropertyValue Property="PresentationVariant" Path="@UI.PresentationVariant#Default"/>                                                                                                                                                 
                    </Record>                                                                                                                                                                                                                                  
                </Annotation>                                                                                                                                                                                                                                  
                <Annotation Term="UI.SelectionVariant" Qualifier="Default">                                                                                                                                                                                    
                    <Record>                                                                                                                                                                                                                                   
                        <PropertyValue Property="Text" String="Default"/>                                                                                                                                                                                      
                    </Record>                                                                                                                                                                                                                                  
                </Annotation>                                                                                                                                                                                                                                  
            </Annotations>                                                                                                                                                                                                                                     
        </Schema>                                                                                                                                                                                                                                              
    </edmx:DataServices>                                                                                                                                                                                                                                       
</edmx:Edmx>                                                                                                                                                                                                                                                   