﻿<?xml version="1.0" encoding="utf-8"?>
<abapGit version="v1.0.0" serializer="LCL_OBJECT_BDEF" serializer_version="v1.0.0">
 <asx:abap xmlns:asx="http://www.sap.com/abapxml" version="1.0">
  <asx:values>
   <BDEF>
    <NAME>ZABC_I_BOOKING</NAME>
    <TYPE>BDEF/BDO</TYPE>
    <DESCRIPTION>Data model for booking </DESCRIPTION>
    <DESCRIPTION_TEXT_LIMIT>60</DESCRIPTION_TEXT_LIMIT>
    <LANGUAGE>EN</LANGUAGE>
    <LINKS>
     <item>
      <HREF>./zabc_i_booking/source/main/versions</HREF>
      <REL>http://www.sap.com/adt/relations/versions</REL>
      <TITLE>Historic versions</TITLE>
     </item>
     <item>
      <HREF>./zabc_i_booking/source/main</HREF>
      <REL>http://www.sap.com/adt/relations/source</REL>
      <TYPE>text/plain</TYPE>
      <TITLE>Source Content</TITLE>
     </item>
     <item>
      <HREF>./zabc_i_booking/source/main</HREF>
      <REL>http://www.sap.com/adt/relations/source</REL>
      <TYPE>text/html</TYPE>
      <TITLE>Source Content (HTML)</TITLE>
     </item>
     <item>
      <HREF>./zabc_i_booking/objectstructure</HREF>
      <REL>http://www.sap.com/adt/relations/objectstructure</REL>
      <TITLE>Object Structure</TITLE>
     </item>
     <item>
      <HREF>/sap/bc/adt/vit/wb/object_type/bdefbdo/object_name/ZABC_I_BOOKING</HREF>
      <REL>self</REL>
      <TYPE>application/vnd.sap.sapgui</TYPE>
      <TITLE>Representation in SAP GUI</TITLE>
     </item>
    </LINKS>
    <MASTER_LANGUAGE>EN</MASTER_LANGUAGE>
    <SOURCE_URI>./zabc_i_booking/source/main</SOURCE_URI>
    <SOURCE_TYPE>ABAP_SOURCE</SOURCE_TYPE>
    <SOURCE_FIXED_POINT_ARITHMETIC>true</SOURCE_FIXED_POINT_ARITHMETIC>
    <SOURCE_UNICODE_CHECKS_ACTIVE>true</SOURCE_UNICODE_CHECKS_ACTIVE>
   </BDEF>
  </asx:values>
 </asx:abap>
</abapGit>
