{                                                                                                                                                                                                                                                              
  "_version": "1.33.0",                                                                                                                                                                                                                                        
  "sap.app": {                                                                                                                                                                                                                                                 
    "id": "zabcalpbook",                                                                                                                                                                                                                                       
    "type": "application",                                                                                                                                                                                                                                     
    "i18n": "i18n/i18n.properties",                                                                                                                                                                                                                            
    "applicationVersion": {                                                                                                                                                                                                                                    
      "version": "0.0.1"                                                                                                                                                                                                                                       
    },                                                                                                                                                                                                                                                         
    "title": "{{appTitle}}",                                                                                                                                                                                                                                   
    "description": "{{appDescription}}",                                                                                                                                                                                                                       
    "resources": "resources.json",                                                                                                                                                                                                                             
    "sourceTemplate": {                                                                                                                                                                                                                                        
      "id": "@sap-ux/fiori-elements-writer:alp",                                                                                                                                                                                                               
      "version": "0.1.9"                                                                                                                                                                                                                                       
    },                                                                                                                                                                                                                                                         
    "dataSources": {                                                                                                                                                                                                                                           
      "mainService": {                                                                                                                                                                                                                                         
        "uri": "/sap/opu/odata/sap/ZABC_UI_ALP_BOOK_O2/",                                                                                                                                                                                                      
        "type": "OData",                                                                                                                                                                                                                                       
        "settings": {                                                                                                                                                                                                                                          
          "annotations": [                                                                                                                                                                                                                                     
            "ZABC_UI_ALP_BOOK_O2_VAN",                                                                                                                                                                                                                         
            "annotation"                                                                                                                                                                                                                                       
          ],                                                                                                                                                                                                                                                   
          "localUri": "localService/metadata.xml",                                                                                                                                                                                                             
          "odataVersion": "2.0"                                                                                                                                                                                                                                
        }                                                                                                                                                                                                                                                      
      },                                                                                                                                                                                                                                                       
      "ZABC_UI_ALP_BOOK_O2_VAN": {                                                                                                                                                                                                                             
        "uri": "/sap/opu/odata/IWFND/CATALOGSERVICE;v=2/Annotations(TechnicalName='ZABC_UI_ALP_BOOK_O2_VAN',Version='0001')/$value/",                                                                                                                          
        "type": "ODataAnnotation",                                                                                                                                                                                                                             
        "settings": {                                                                                                                                                                                                                                          
          "localUri": "localService/ZABC_UI_ALP_BOOK_O2_VAN.xml"                                                                                                                                                                                               
        }                                                                                                                                                                                                                                                      
      },                                                                                                                                                                                                                                                       
      "annotation": {                                                                                                                                                                                                                                          
        "type": "ODataAnnotation",                                                                                                                                                                                                                             
        "uri": "annotations/annotation.xml",                                                                                                                                                                                                                   
        "settings": {                                                                                                                                                                                                                                          
          "localUri": "annotations/annotation.xml"                                                                                                                                                                                                             
        }                                                                                                                                                                                                                                                      
      }                                                                                                                                                                                                                                                        
    }                                                                                                                                                                                                                                                          
  },                                                                                                                                                                                                                                                           
  "sap.ui": {                                                                                                                                                                                                                                                  
    "technology": "UI5",                                                                                                                                                                                                                                       
    "icons": {                                                                                                                                                                                                                                                 
      "icon": "",                                                                                                                                                                                                                                              
      "favIcon": "",                                                                                                                                                                                                                                           
      "phone": "",                                                                                                                                                                                                                                             
      "phone@2": "",                                                                                                                                                                                                                                           
      "tablet": "",                                                                                                                                                                                                                                            
      "tablet@2": ""                                                                                                                                                                                                                                           
    },                                                                                                                                                                                                                                                         
    "deviceTypes": {                                                                                                                                                                                                                                           
      "desktop": true,                                                                                                                                                                                                                                         
      "tablet": true,                                                                                                                                                                                                                                          
      "phone": true                                                                                                                                                                                                                                            
    }                                                                                                                                                                                                                                                          
  },                                                                                                                                                                                                                                                           
  "sap.ui5": {                                                                                                                                                                                                                                                 
    "flexEnabled": true,                                                                                                                                                                                                                                       
    "dependencies": {                                                                                                                                                                                                                                          
      "minUI5Version": "1.90.0",                                                                                                                                                                                                                               
      "libs": {                                                                                                                                                                                                                                                
        "sap.m": {},                                                                                                                                                                                                                                           
        "sap.ui.core": {},                                                                                                                                                                                                                                     
        "sap.ushell": {},                                                                                                                                                                                                                                      
        "sap.f": {},                                                                                                                                                                                                                                           
        "sap.ui.comp": {},                                                                                                                                                                                                                                     
        "sap.ui.generic.app": {},                                                                                                                                                                                                                              
        "sap.suite.ui.generic.template": {}                                                                                                                                                                                                                    
      }                                                                                                                                                                                                                                                        
    },                                                                                                                                                                                                                                                         
    "contentDensities": {                                                                                                                                                                                                                                      
      "compact": true,                                                                                                                                                                                                                                         
      "cozy": true                                                                                                                                                                                                                                             
    },                                                                                                                                                                                                                                                         
    "models": {                                                                                                                                                                                                                                                
      "i18n": {                                                                                                                                                                                                                                                
        "type": "sap.ui.model.resource.ResourceModel",                                                                                                                                                                                                         
        "settings": {                                                                                                                                                                                                                                          
          "bundleName": "zabcalpbook.i18n.i18n"                                                                                                                                                                                                                
        }                                                                                                                                                                                                                                                      
      },                                                                                                                                                                                                                                                       
      "": {                                                                                                                                                                                                                                                    
        "dataSource": "mainService",                                                                                                                                                                                                                           
        "preload": true,                                                                                                                                                                                                                                       
        "settings": {                                                                                                                                                                                                                                          
          "defaultBindingMode": "TwoWay",                                                                                                                                                                                                                      
          "defaultCountMode": "Inline",                                                                                                                                                                                                                        
          "refreshAfterChange": false,                                                                                                                                                                                                                         
          "metadataUrlParams": {                                                                                                                                                                                                                               
            "sap-value-list": "none"                                                                                                                                                                                                                           
          }                                                                                                                                                                                                                                                    
        }                                                                                                                                                                                                                                                      
      },                                                                                                                                                                                                                                                       
      "@i18n": {                                                                                                                                                                                                                                               
        "type": "sap.ui.model.resource.ResourceModel",                                                                                                                                                                                                         
        "uri": "i18n/i18n.properties"                                                                                                                                                                                                                          
      }                                                                                                                                                                                                                                                        
    },                                                                                                                                                                                                                                                         
    "resources": {                                                                                                                                                                                                                                             
      "css": []                                                                                                                                                                                                                                                
    },                                                                                                                                                                                                                                                         
    "routing": {                                                                                                                                                                                                                                               
      "config": {},                                                                                                                                                                                                                                            
      "routes": [],                                                                                                                                                                                                                                            
      "targets": {}                                                                                                                                                                                                                                            
    }                                                                                                                                                                                                                                                          
  },                                                                                                                                                                                                                                                           
  "sap.ui.generic.app": {                                                                                                                                                                                                                                      
    "_version": "1.3.0",                                                                                                                                                                                                                                       
    "settings": {                                                                                                                                                                                                                                              
      "forceGlobalRefresh": false,                                                                                                                                                                                                                             
      "objectPageHeaderType": "Dynamic",                                                                                                                                                                                                                       
      "considerAnalyticalParameters": true,                                                                                                                                                                                                                    
      "showDraftToggle": false                                                                                                                                                                                                                                 
    },                                                                                                                                                                                                                                                         
    "pages": {                                                                                                                                                                                                                                                 
      "AnalyticalListPage|ALPBook": {                                                                                                                                                                                                                          
        "entitySet": "ALPBook",                                                                                                                                                                                                                                
        "component": {                                                                                                                                                                                                                                         
          "name": "sap.suite.ui.generic.template.AnalyticalListPage",                                                                                                                                                                                          
          "list": true,                                                                                                                                                                                                                                        
          "settings": {                                                                                                                                                                                                                                        
            "condensedTableLayout": true,                                                                                                                                                                                                                      
            "showGoButtonOnFilterBar": true,                                                                                                                                                                                                                   
            "tableType": "AnalyticalTable",                                                                                                                                                                                                                    
            "qualifier": "Default",                                                                                                                                                                                                                            
            "autoHide": true,                                                                                                                                                                                                                                  
            "smartVariantManagement": true,                                                                                                                                                                                                                    
            "tableSettings": {                                                                                                                                                                                                                                 
              "multiSelect": true                                                                                                                                                                                                                              
            },                                                                                                                                                                                                                                                 
            "keyPerformanceIndicators": {}                                                                                                                                                                                                                     
          }                                                                                                                                                                                                                                                    
        },                                                                                                                                                                                                                                                     
        "pages": {                                                                                                                                                                                                                                             
          "ObjectPage|ALPBook": {                                                                                                                                                                                                                              
            "entitySet": "ALPBook",                                                                                                                                                                                                                            
            "defaultLayoutTypeIfExternalNavigation": "MidColumnFullScreen",                                                                                                                                                                                    
            "component": {                                                                                                                                                                                                                                     
              "name": "sap.suite.ui.generic.template.ObjectPage"                                                                                                                                                                                               
            }                                                                                                                                                                                                                                                  
          }                                                                                                                                                                                                                                                    
        }                                                                                                                                                                                                                                                      
      }                                                                                                                                                                                                                                                        
    }                                                                                                                                                                                                                                                          
  },                                                                                                                                                                                                                                                           
  "sap.fiori": {                                                                                                                                                                                                                                               
    "registrationIds": [],                                                                                                                                                                                                                                     
    "archeType": "analytical"                                                                                                                                                                                                                                  
  }                                                                                                                                                                                                                                                            
}                                                                                                                                                                                                                                                              
                                                                                                                                                                                                                                                               